-- phpMyAdmin SQL Dump
-- version 4.7.0
-- https://www.phpmyadmin.net/
--
-- Servidor: 127.0.0.1
-- Tiempo de generación: 20-12-2017 a las 14:06:35
-- Versión del servidor: 10.1.25-MariaDB
-- Versión de PHP: 7.1.7

SET SQL_MODE = "NO_AUTO_VALUE_ON_ZERO";
SET AUTOCOMMIT = 0;
START TRANSACTION;
SET time_zone = "+00:00";


/*!40101 SET @OLD_CHARACTER_SET_CLIENT=@@CHARACTER_SET_CLIENT */;
/*!40101 SET @OLD_CHARACTER_SET_RESULTS=@@CHARACTER_SET_RESULTS */;
/*!40101 SET @OLD_COLLATION_CONNECTION=@@COLLATION_CONNECTION */;
/*!40101 SET NAMES utf8mb4 */;

--
-- Base de datos: `cdsur-db`
--

-- --------------------------------------------------------

--
-- Estructura de tabla para la tabla `cart`
--

CREATE TABLE `cart` (
  `id` int(10) UNSIGNED NOT NULL,
  `user_id` int(10) NOT NULL DEFAULT '0',
  `product_id` int(10) UNSIGNED NOT NULL DEFAULT '0',
  `status` varchar(50) NOT NULL DEFAULT '0'
) ENGINE=InnoDB DEFAULT CHARSET=utf8;

-- --------------------------------------------------------

--
-- Estructura de tabla para la tabla `cart_products`
--

CREATE TABLE `cart_products` (
  `cart_id` int(10) UNSIGNED NOT NULL,
  `product_id` int(10) UNSIGNED NOT NULL,
  `quantity` int(10) UNSIGNED NOT NULL
) ENGINE=InnoDB DEFAULT CHARSET=utf8;

-- --------------------------------------------------------

--
-- Estructura de tabla para la tabla `category`
--

CREATE TABLE `category` (
  `id` int(10) UNSIGNED NOT NULL,
  `name` varchar(50) NOT NULL,
  `parent_id` int(10) UNSIGNED DEFAULT NULL
) ENGINE=InnoDB DEFAULT CHARSET=utf8;

--
-- Volcado de datos para la tabla `category`
--

INSERT INTO `category` (`id`, `name`, `parent_id`) VALUES
(1, 'HERRAMIENTAS DE LIMPIEZA', NULL),
(2, 'INSUMOS', NULL),
(3, 'PRODUCTOS QUIMICOS', NULL),
(4, 'ALMACENAMIENTO Y TRANSPORTE', 1),
(5, 'DISPENSADORES', 1),
(6, 'HERRAMIENTAS DE MANO', 1),
(7, 'HERRAMIENTAS ESPECIALES', 1),
(8, 'HERRAMIENTAS PARA PISOS', 1),
(9, 'INDUSTRIA ALIMENTARIA', 1),
(10, 'LIMPIEZA DE ALTURA', 1),
(11, 'LIMPIEZA DE VIDRIOS', 1),
(12, 'LIMPIEZA HOSPITALARIA', 1),
(13, 'LINEA DOMESTICA', 1),
(14, 'OTRAS HERRAMIENTAS', 1),
(15, 'RECIPIENTES DE RESIDUOS', 1),
(16, 'BOBINAS INDUSTRIALES', 2),
(17, 'BOLSAS', 2),
(18, 'DESCARTABLES', 2),
(19, 'GUANTES', 2),
(20, 'HIGIENE HOSPITALARIA', 2),
(21, 'ILUMINACION', 2),
(22, 'LIBRERÍA', 2),
(23, 'LIMPIEZA DE BAÑOS', 2),
(24, 'LINEA DOMESTICA', 2),
(25, 'PAÑUELOS', 2),
(26, 'PAPEL HIGIENICO', 2),
(27, 'ROLLOS DE COCINA', 2),
(28, 'SERVILLETAS', 2),
(29, 'TOALLAS DE MANO', 2),
(30, 'AEROSOLES', 3),
(31, 'ALCOHOLES', 3),
(32, 'AROMATIZACION', 3),
(33, 'CREMAS', 3),
(34, 'CUIDADO DE MANOS', 3),
(35, 'CUIDADO DE PISOS', 3),
(36, 'CUIDADO DEL CABELLO', 3),
(37, 'DESINFECTANTES', 3),
(38, 'GELES', 3),
(39, 'LAVANDERIA', 3),
(40, 'LIMPIADORES', 3),
(41, 'LIMPIEZA DE BAÑOS', 3),
(42, 'LIMPIEZA DE COCINAS', 3),
(43, 'LIMPIEZA DE VAJILLAS', 3),
(44, 'LINEA DOMESTICA', 3),
(45, 'ACCESORIOS', 4),
(46, 'BANDEJA PORTA OBJETOS', 4),
(47, 'CARROS DE LAVANDERIA', 4),
(48, 'CARROS DE LIMPIEZA EN GENERAL', 4),
(49, 'CARROS DE SERVICIO Y CATERING', 4),
(50, 'CARROS DE TRANSPORTE', 4),
(51, 'CARROS HOUSEKEEPING', 4),
(52, 'ORGANIZADORES', 4),
(53, 'PARA BOBINAS INDUSTRIALES', 5),
(54, 'PARA JABON', 5),
(55, 'PARA JABON LIQUIDO', 5),
(56, 'PARA PAPEL HIGIENICO', 5),
(57, 'PARA SHAMPOO', 5),
(58, 'PARA TOALLAS', 5),
(59, 'CEPILLOS', 6),
(60, 'CEPILLOS DE DETALLE DE PBT', 6),
(61, 'CEPILLOS MANUALES DE PBT', 6),
(62, 'MOPAS', 6),
(63, 'CEPILLOS LAVACANASTOS', 7),
(64, 'CEPILLOS LAVACAÑOS', 7),
(65, 'CEPILLOS PARA BAQUETAS', 7),
(66, 'CEPILLOS PARA CERVECERIAS', 7),
(67, 'CEPILLOS PARA LIMPIEZA DE TANQUES', 7),
(68, 'CEPILLOS PARA VALVULAS Y DRENAJES', 7),
(69, 'ARMAZONES', 8),
(70, 'BALDES', 8),
(71, 'BALDES PRENSAMOPAS', 8),
(72, 'BARREDORES', 8),
(73, 'CABOS', 8),
(74, 'CEPILLOS DE PBT', 8),
(75, 'CEPILLOS INDUSTRIALES DE PVC', 8),
(76, 'ESCOBAS', 8),
(77, 'ESCOBAS DE PBT', 8),
(78, 'ESCOBAS INDUSTRIALES DE PVC', 8),
(79, 'ESCOBETAS', 8),
(80, 'ESCOBILLONES', 8),
(81, 'ESCOBILLONES DE PBT', 8),
(82, 'ESCOBILLONES INDUSTRIALES DE PVC', 8),
(83, 'ESPONJAS', 8),
(84, 'ESTROPAJOS', 8),
(85, 'EXTENSORES', 8),
(86, 'LAMPAZO', 8),
(87, 'MANGOS', 8),
(88, 'MOPAS', 8),
(89, 'MOPAS HÚMEDAS', 8),
(90, 'MOPAS PLANAS', 8),
(91, 'MOPAS SECAS', 8),
(92, 'MOPAS SECAS CON ARMAZÓN', 8),
(93, 'PALAS', 8),
(94, 'PASACERAS', 8),
(95, 'PINZAS PARA MOPAS', 8),
(96, 'SECADORES', 8),
(97, 'SEÑALES', 8),
(98, 'SUJETADORES DE MOPAS', 8),
(99, 'CEPILLOS', 9),
(100, 'ESPATULAS', 9),
(101, 'LIMPIA CALZADOS', 9),
(102, 'PALAS', 9),
(103, 'RASQUETAS', 9),
(104, 'SECADOR DE MESADA', 9),
(105, 'CABOS', 10),
(106, 'CEPILLOS', 10),
(107, 'MOPAS', 10),
(108, 'PLUMEROS', 10),
(109, 'REPUESTOS', 10),
(110, 'ACCESORIOS', 11),
(111, 'SECADORES DE VIDRIO', 11),
(112, 'ARMAZONES', 12),
(113, 'BALDES', 12),
(114, 'CARROS', 12),
(115, 'MOPS', 12),
(116, 'APLICADORES', 13),
(117, 'CAMBIADORES DE BEBE', 14),
(118, 'FRANELA', 14),
(119, 'LANA', 14),
(120, 'MICROFIBRAS', 14),
(121, 'PAÑO MULTIUSO', 14),
(122, 'PLUMEROS', 14),
(123, 'PORTAFIBRAS', 14),
(124, 'PULVERIZADORES', 14),
(125, 'RASQUETAS', 14),
(126, 'REPASADOR', 14),
(127, 'SOPAPAS', 14),
(128, 'TRAPOS', 14),
(129, 'VASOS DE MEDIDAS', 14),
(130, 'VIRUTA', 14),
(131, 'CAJON DE RESIDUOS', 15),
(132, 'CESTOS MULTIUSO', 15),
(133, 'CONTENEDORES', 15),
(134, 'PAPEL TISSUE', 16),
(135, 'BOLSAS STANDARD', 17),
(136, 'BOLSAS SUR', 17),
(137, 'DE ARRANQUE', 17),
(138, 'AGITADORES', 18),
(139, 'BARBIJOS', 18),
(140, 'COFIAS', 18),
(141, 'VASOS PLASTICOS', 18),
(142, 'VASOS TERMICOS', 18),
(143, 'GUANTES DE LATEX', 19),
(144, 'GUANTES DE NITRILO', 19),
(145, 'GUANTES DESCARTABLES', 19),
(146, 'GUANTES INDUSTRIALES', 19),
(147, 'SABANILLAS', 20),
(148, 'DICROICAS LED', 21),
(149, 'LAMPARAS LED', 21),
(150, 'TUBOS LED', 21),
(151, 'RESMAS', 22),
(152, 'BOLSITAS', 23),
(153, 'COBERTORES', 23),
(154, 'ESCOBILLAS', 23),
(155, 'FILTROS URINALES', 23),
(156, 'ALGODÓN', 24),
(157, 'FOSFOROS', 24),
(158, 'NAFTALINA', 24),
(159, 'PAPEL TISSUE', 25),
(160, 'ALTO METRAJE', 26),
(161, 'BAJO METRAJE', 26),
(162, 'INTERCALADO', 26),
(163, 'MEDIO METRAJE', 26),
(164, 'PAPEL TISSUE', 27),
(165, 'PAPEL TISSUE', 28),
(166, 'BOBINAS JUMBO', 29),
(167, 'INTERCALADAS 2 PANELES', 29),
(168, 'INTERCALADAS 4 PANELES', 29),
(169, 'INTERCALADAS 6 PANELES', 29),
(170, 'ACERO INOXIDABLE', 30),
(171, 'DESINFECTANTES', 30),
(172, 'ESPUMAS MULTIUSO', 30),
(173, 'INSECTICIDAS', 30),
(174, 'LUSTRAMUEBLES', 30),
(175, 'SUPERFICIES MODERNAS', 30),
(176, 'FINO', 31),
(177, 'SOLIDO', 31),
(178, 'DESODORANTES DE AMBIENTES', 32),
(179, 'DISPENSERS', 32),
(180, 'ODORIZACION', 32),
(181, 'REPUESTOS', 32),
(182, 'LIMPIADORES', 33),
(183, 'LUSTRAMUEBLES', 33),
(184, 'ALCOHOL EN GEL', 34),
(185, 'JABON DE TOCADOR', 34),
(186, 'JABON EN SACHET', 34),
(187, 'JABON ESPUMA', 34),
(188, 'JABON HOTELERO', 34),
(189, 'JABON LIQUIDO', 34),
(190, 'JABON LIQUIDO BACTERICIDA', 34),
(191, 'JABON LIQUIDO DESENGRASANTE', 34),
(192, 'JABONETAS', 34),
(193, 'ACONDICIONADORES DE PISOS', 35),
(194, 'CERAS BRILLANTES', 35),
(195, 'CERAS DE ALTO TRANSITO', 35),
(196, 'CERAS DE COLOR', 35),
(197, 'CERAS PISOS DE MADERA', 35),
(198, 'CRISTALIZADORES', 35),
(199, 'DESENGRASANTES', 35),
(200, 'DESODORANTES DE PISO', 35),
(201, 'LIMPIA ALFOMBRAS', 35),
(202, 'LIMPIADORES MULTIUSO', 35),
(203, 'LIMPIEZA DE OBRA', 35),
(204, 'MANTENIMIENTO DIARIO', 35),
(205, 'REMOVEDORES', 35),
(206, 'SECUESTRANTES', 35),
(207, 'SELLADORES', 35),
(208, 'ENJUAGUE', 36),
(209, 'SHAMPOO', 36),
(210, 'AMONIACOS', 37),
(211, 'MULTIUSO', 37),
(212, 'SANITIZANTES DE EXTERIORES', 37),
(213, 'LIMPIADORES', 38),
(214, 'APRESTOS', 39),
(215, 'AROMATIZANTES DE PRENDAS', 39),
(216, 'AUXILIARES DE LAVADO', 39),
(217, 'BLANQUEADORES INDUSTRIALES', 39),
(218, 'DETERGENTES INDUSTRIALES', 39),
(219, 'JABON EN PAN', 39),
(220, 'LIQUIDOS DE LAVADOS', 39),
(221, 'POLVOS DE LAVADO', 39),
(222, 'QUITAMANCHAS', 39),
(223, 'SUAVIZANTES', 39),
(224, 'SUAVIZANTES INDUSTRIALES', 39),
(225, 'CLOROS', 40),
(226, 'DETERGENTES', 40),
(227, 'LAVANDINAS', 40),
(228, 'LIMPIAVIDRIOS', 40),
(229, 'MULTIUSO', 40),
(230, 'ADHESIVO', 41),
(231, 'CANASTA', 41),
(232, 'DESINCRUSTANTE', 41),
(233, 'DESODORANTE PARA MOCHILA', 41),
(234, 'DESODORIZADORES', 41),
(235, 'PASTILLAS WC', 41),
(236, 'QUITA SARRO', 41),
(237, 'DE HORNO', 42),
(238, 'DESINCRUSTANTE', 42),
(239, 'DESINFECTANTES PARA AREAS ALIMENTARIAS', 42),
(240, 'PASTILLAS DESINFECTANTES', 42),
(241, 'SUCIEDAD GRASA', 42),
(242, 'ABRILLANTADOR PARA AUTOMATICO', 43),
(243, 'LAVAVAJILLA MANUAL', 43),
(244, 'ABRILLANTADOR', 43),
(245, 'FAJINADOR', 43),
(246, 'LAVAVAJILLA AUTOMATICO', 43),
(247, 'LAVAVAJILLA EN POLVO', 43),
(248, 'ANTIGRASA', 44),
(249, 'AROMATIZACION', 44),
(250, 'CERAS', 44),
(251, 'DESINFECTANTES', 44),
(252, 'DESTAPACAÑERIAS', 44),
(253, 'JABON EN POLVO', 44),
(254, 'LAVANDINA', 44),
(255, 'LIMPIADORES', 44),
(256, 'LIMPIADORES EN POLVO', 44),
(257, 'LIMPIAMETALES', 44),
(258, 'LIMPIAVIDRIOS', 44),
(259, 'LIMPIEZA DE BAÑOS', 44),
(260, 'LIMPIEZA DE VAJILLAS', 44),
(261, 'MULTIUSOS', 44),
(262, 'QUITAMANCHAS', 44),
(263, 'SUAVIZANTES', 44);

-- --------------------------------------------------------

--
-- Estructura de tabla para la tabla `migration`
--

CREATE TABLE `migration` (
  `version` varchar(180) NOT NULL,
  `apply_time` int(11) DEFAULT NULL
) ENGINE=InnoDB DEFAULT CHARSET=utf8;

--
-- Volcado de datos para la tabla `migration`
--

INSERT INTO `migration` (`version`, `apply_time`) VALUES
('m000000_000000_base', 1505082041),
('m140209_132017_init', 1505082057),
('m140403_174025_create_account_table', 1505082057),
('m140504_113157_update_tables', 1505082060),
('m140504_130429_create_token_table', 1505082061),
('m140830_171933_fix_ip_field', 1505082062),
('m140830_172703_change_account_table_name', 1505082062),
('m141222_110026_update_ip_field', 1505082063),
('m141222_135246_alter_username_length', 1505082063),
('m150614_103145_update_social_account_table', 1505082065),
('m150623_212711_fix_username_notnull', 1505082065),
('m151218_234654_add_timezone_to_profile', 1505082065),
('m160929_103127_add_last_login_at_to_user_table', 1505082065);

-- --------------------------------------------------------

--
-- Estructura de tabla para la tabla `product`
--

CREATE TABLE `product` (
  `id` int(10) UNSIGNED NOT NULL,
  `code` int(10) UNSIGNED NOT NULL,
  `description` varchar(100) NOT NULL,
  `details` text,
  `image_filename` varchar(100) DEFAULT NULL,
  `category_id` int(10) UNSIGNED NOT NULL
) ENGINE=InnoDB DEFAULT CHARSET=utf8;

--
-- Volcado de datos para la tabla `product`
--

INSERT INTO `product` (`id`, `code`, `description`, `details`, `image_filename`, `category_id`) VALUES
(1, 17505, 'APENDICE C/RUEDAS (SA374L) ITALIMPIA X U', '', '1/1.png', 45),
(2, 18051, 'BOLSA VENIL NEGRA (8051) ITALIMPIA X U', NULL, '20161028143644_carro_junior.jpg', 45),
(3, 16014, 'KIT EASY ROOM', NULL, 'no-image.jpg', 46),
(4, 17550, 'BANDEJA CARRY BEIGE (3635) ITALIMPIA X U', NULL, 'no-image.jpg', 46),
(5, 17507, 'CARRO LAUNDRY (3116) ITALIMPIA X U', NULL, 'no-image.jpg', 47),
(6, 17506, 'CARRO MINI LAUNDRY (3111) ITALIMPIA X U', NULL, 'no-image.jpg', 47),
(7, 10493, 'CARRO MULTISERVICIOS', NULL, 'no-image.jpg', 48),
(8, 10495, 'CARRO DOUBLE BUCKET', NULL, 'no-image.jpg', 48),
(9, 10496, 'CARRO MINI 20 LTS. C/ PRENSA MOPA', NULL, 'no-image.jpg', 48),
(10, 10497, 'CARRO BIGGER 35 LTS. C /PRENSA MOPA', NULL, 'no-image.jpg', 48),
(11, 17008, 'CARRO MILLENIUM (3103) ITALIMPIA X U', NULL, '20160804105857_3103.jpg', 48),
(12, 17498, 'CARRO EXTREME NEGRO (3340) ITALIMPIA X U', NULL, 'no-image.jpg', 48),
(13, 17499, 'CARRO DE ASEO BUZZ (B903) ITALIMPIA X U', NULL, 'no-image.jpg', 48),
(14, 17503, 'CARRO CATERING GRANDE (3800) ITALIMPIA X U', NULL, 'no-image.jpg', 49),
(15, 17504, 'CARRO CATERING MEDIANO (3700) ITALIMPIA X U', NULL, 'no-image.jpg', 49),
(16, 17500, 'CARRO TRAFIC UTILITARIO (3114) ITALIMPIA X U', NULL, 'no-image.jpg', 50),
(17, 17501, 'CARRO PLATAFORMA (3300) ITALIMPIA X U', NULL, 'no-image.jpg', 50),
(18, 17004, 'CARRO HOTEL BIGGER (A3110) ITALIMPIA X U', NULL, '20161028142831_carro_bigger.jpg', 51),
(19, 17052, 'CARRO HOTELERO JUNIOR (3112) ITALIMPIA X U', NULL, '20161028143644_carro_junior.jpg', 51),
(20, 17002, 'ORG. DE CEPILLOS PLASTICO BCO (5544W) ITALIMPIA X U', NULL, '20160803155503_5544-1.jpg', 52),
(21, 17149, 'ORG. DE CEPILLOS 50 CM AZUL (55530B) ITALIMPIA X U', NULL, 'no-image.jpg', 52),
(22, 17150, 'ORG. DE CEPILLOS 90 CM (55541G)629. X U', NULL, 'no-image.jpg', 52),
(23, 17210, 'ORG. DE CEPILLOS PLASTICOS ROJO (5544R) ITALIMPIA X U', NULL, 'no-image.jpg', 52),
(24, 17465, 'ORGANIZADOR DE PARED NEGRO (5544BK) ITALIMPIA X U', NULL, 'no-image.jpg', 52),
(25, 15057, 'DISPENSER BOB. IND. PIE', NULL, 'no-image.jpg', 53),
(26, 15058, 'DISPENSER BOB. IND. PARED', NULL, '20140925081021_108.jpg', 53),
(27, 15071, 'DISPENSER BOB. IND. PARED/MESADA', NULL, 'no-image.jpg', 53),
(28, 10824, 'DISPENSER P/JABON LIQUIDO', NULL, 'no-image.jpg', 54),
(29, 10829, 'DISPENSER JABON LIQUIDO PREMIUM', NULL, 'no-image.jpg', 55),
(30, 10830, 'BRAZO PORTA JABON', NULL, 'no-image.jpg', 55),
(31, 15068, 'DISPENSER JABON LIQUIDO 250 CC.', NULL, 'no-image.jpg', 55),
(32, 15052, 'DISPENSER P.HIG. INTERC. ANCHO KINTON', NULL, 'no-image.jpg', 56),
(33, 15053, 'DISPENSER P.HIG. DUPLEX KINTON', NULL, 'no-image.jpg', 56),
(34, 15054, 'DISPENSER P.HIG. JUMBO KINTON', NULL, 'no-image.jpg', 56),
(35, 15055, 'DISPENSER P.HIG. JUMBITO KINTON', NULL, 'no-image.jpg', 56),
(36, 15067, 'DISPENSER DOSIF FEMAN 500 CC.', NULL, 'no-image.jpg', 57),
(37, 15050, 'DISPENSER TOALLA INTERC. KINTON', NULL, 'no-image.jpg', 58),
(38, 15056, 'DISPENSER TOALLAS INTERC. KINTON ACERO', NULL, 'no-image.jpg', 58),
(39, 15059, 'DISPENSER TOALLA JUMBO S/MECANISMO', NULL, 'no-image.jpg', 58),
(40, 10471, 'CEPILLO palmira PARRILLERO', NULL, 'no-image.jpg', 59),
(41, 10475, 'CEPILLO P/MANO PLASTICO ART. 620', NULL, 'no-image.jpg', 59),
(42, 10476, 'CEPILLO LAVA AUTO', NULL, 'no-image.jpg', 59),
(43, 12094, 'CEPILLO LAVA CAMION', NULL, 'no-image.jpg', 59),
(44, 17122, 'CEPILLO MULT M/LARGO PVC (3186B) ITALIMPIA X U', NULL, 'no-image.jpg', 59),
(45, 17320, 'CEPILLO MULT.M/CORTO PVC (3185B) ITALIMPIA X U', NULL, 'no-image.jpg', 59),
(46, 17035, 'KIT CEPILLO LIMPIA UÑAS (4443) ITALIMPIA X U', NULL, '20160801165222_4441.jpg', 60),
(47, 17213, 'CEPILLO DE DETALLE (2870B) ITALIMPIA X U', NULL, 'no-image.jpg', 60),
(48, 17019, 'CEPILLO MULTI CORTO PBT BCO (4085W) ITALIMPIA X U', NULL, '20160728154109_4085.jpg', 61),
(49, 17020, 'CEPILLO LARGO PBT BLANCO (4086W) ITALIMPIA X U', NULL, '20160729112234_4086.jpg', 61),
(50, 17021, 'CEPILLO ESTRELLA DE MANO BLANCO (4080W) ITALIMPIA X U', NULL, '20161214100014_estrella1.jpg', 61),
(51, 17060, 'CEPILLO ESTRELLA MANO AZUL (4080B) ITALIMPIA X U', NULL, '20161214100014_estrella1.jpg', 61),
(52, 17061, 'CEPILLO ESTRELLA MANO ROJO (4080R) ITALIMPIA X U', NULL, '20161214100014_estrella1.jpg', 61),
(53, 17064, 'CEPILLO MULTI CORTO PBT AZUL (4085B) ITALIMPIA X U', NULL, '20160728154109_4085.jpg', 61),
(54, 17065, 'CEPILLO MULTI CORTO OBT ROJO (4085R) ITALIMPIA X U', NULL, '20160728154109_4085.jpg', 61),
(55, 17066, 'CEPILLO MULTIO LARGO PBT AZUL (4086B) ITALIMPIA X U', NULL, '20160729112234_4086.jpg', 61),
(56, 17067, 'CEPILLO MULTI LARGO PBT ROJO (4086R) ITALIMPIA X U', NULL, '20160729112234_4086.jpg', 61),
(57, 17068, 'CEPILLO HYDRO WATER BLANCO (4285W) ITALIMPIA X U', NULL, '20161214110257_hdro_water_1.jpg', 61),
(58, 17088, 'CEPILLO LAVACANASTO BLANCO (4075W) ITALIMPIA X U', NULL, '20161215083644_cepillo_lavacanasto_3.jpg', 61),
(59, 17089, 'CEPILLO VIKING BLANCO (4081W) ITALIMPIA X U', NULL, '20161215125117_cepillo_vikin_2.jpg', 61),
(60, 17524, 'MOPA DE MANO DUSTER (2009) ITALIMPIA X U', NULL, 'no-image.jpg', 62),
(61, 17217, 'CEPILLO LAVACANASTO AZUL (4075B) ITALIMPIA X U', NULL, 'no-image.jpg', 63),
(62, 17218, 'CEPILLO LAVACANASTO AMARILLO (4075Y) ITALIMPIA X U', NULL, 'no-image.jpg', 63),
(63, 17081, 'CEPILLO LAVA CAÑOS AZUL (4096B) ITALIMPIA X U', NULL, '20161214160713_lavacanios1.jpg', 64),
(64, 17082, 'CEPILLO LAVA CAÑOS ROJO (4096R) ITALIMPIA X U', NULL, '20161214160713_lavacanios1.jpg', 64),
(65, 17092, 'CEPILLO LAVA CAÑOS BLANCO (4096W) ITALIMPIA X U', NULL, '20161214160713_lavacanios1.jpg', 64),
(66, 17093, 'BAQUETA PARA FRASCOS (4025) ITALIMPIA X U', NULL, '20161215131959_baqueta_limpia_frasco_2.png', 65),
(67, 17219, 'BAQUETA DIAM 3.0 AZUL (4033B) ITALIMPIA  X U', NULL, 'no-image.jpg', 65),
(68, 17220, 'BAQUETA DIAM 3.0 AMARILLO (4033Y) ITALIMPIA X U', NULL, 'no-image.jpg', 65),
(69, 17221, 'BAQUETA DIAM 5.00 BCA (4034W) ITALIMPIA X U', NULL, 'no-image.jpg', 65),
(70, 17340, 'CEPILLO DE VALV. CERVEC (44085) ITALIMPIA X U', NULL, 'no-image.jpg', 66),
(71, 17341, 'CEPILLO DE BOQUILLAS (CANILLA) (44086) ITALIMPIA X U', NULL, 'no-image.jpg', 66),
(72, 17215, 'CEPILLO TANQUE AZUL (4298B) ITALIMPIA X U', NULL, 'no-image.jpg', 67),
(73, 17216, 'CEPILLO TANQUE AMARILLO (4298Y) ITALIMPIA X U', NULL, 'no-image.jpg', 67),
(74, 17069, 'CEPILLO VALVULAS Y DRENAJE BLANCO (4051W) ITALIMPI X U', NULL, '20161215085044_valvula1.jpg', 68),
(75, 11342, 'ARMAZON DE BARREDOR X 1 MT. PROF.', NULL, '20151130093320_imgres.jpg', 69),
(76, 11343, 'ARMAZON DE BARREDOR X 45 CM.  PROF.', NULL, '20151130093320_imgres.jpg', 69),
(77, 11356, 'ARMAZON DE BARREDOR X 60 CM PROF.', NULL, 'no-image.jpg', 69),
(78, 17350, 'ARMAZON FLAT MOP 40 CM (8116) ITALIMPIA X U', NULL, 'no-image.jpg', 69),
(79, 17406, 'ARMAZON T 60 CM (4002T) ITALIMPIA X U', NULL, 'no-image.jpg', 69),
(80, 17407, 'ARMAZON T 80 CM (4001T) ITALIMPIA X U', NULL, 'no-image.jpg', 69),
(81, 17408, 'ARMAZON T 100 CM (4000T) ITALIMPIA X U', NULL, 'no-image.jpg', 69),
(82, 17411, 'ARMAZON 35 CM (4003) ITALIMPIA X U', NULL, 'no-image.jpg', 69),
(83, 10430, 'BALDE PLASTICO REFORZADO X 10 LTS.', NULL, 'no-image.jpg', 70),
(84, 10431, 'BALDE PLASTICO REFORZADO X 12 LTS.', NULL, 'no-image.jpg', 70),
(85, 10432, 'BALDE PLASTICO REFORZADO X 17 LTS.', NULL, 'no-image.jpg', 70),
(86, 10440, 'BALDE PLASTICO BLANCO 13 LTS', NULL, 'no-image.jpg', 70),
(87, 10442, 'BALDE PLASTICO BLANCO 17 LTS', NULL, 'no-image.jpg', 70),
(88, 10532, 'BALDE PLASTICO COLOMBRARO ROJO 12 LTS', NULL, 'no-image.jpg', 70),
(89, 10533, 'BALDE PLASTICO COLOMBRARO AZUL 12 LTS', NULL, 'no-image.jpg', 70),
(90, 10534, 'BALDE PLASTICO COLOMBRARO VERDE 12 LTS', NULL, 'no-image.jpg', 70),
(91, 17014, 'BALDE ORION BLANCO 25 LTS (8108W) ITALIMPIA X U', NULL, '20160803165628_8108.jpg', 70),
(92, 17042, 'BALDE ORION AZUL 25 LTS (8108B) ITALIMPIA X U', NULL, '20160803165628_8108.jpg', 70),
(93, 17043, 'BALDE ORION ROJO 25 LTS (8108R) ITALIMPIA X U', NULL, '20160803165628_8108.jpg', 70),
(94, 17490, 'BALDE RECTANGULO APLICADOR (7915) ITALIMPIA X U', NULL, 'no-image.jpg', 70),
(95, 11347, 'BALDE REDONDO C/ESCURRIDOR', NULL, 'no-image.jpg', 71),
(96, 11348, 'BALDE OVALADO C/ESCURRIDOR', NULL, 'no-image.jpg', 71),
(97, 17010, 'BALDE SUPERMAX AZUL C/PRENSA (7970B) ITALIMPIA X U', NULL, '20161021184044_balde_supermax.jpg', 71),
(98, 17011, 'BALDE ORION C/PRENSA 8000 50 LTS (7962) ITALIMPIA X U', NULL, '20161021181230_balde_orion_con_prensa.jpg', 71),
(99, 17012, 'BALDE PRENSA MEGA 40 LTS (MB7980Y) ITALIMPIA X U', NULL, '20161021182520_balde_mega.jpg', 71),
(100, 17013, 'BALDE GEMINI ROJO C/ RUEDAS 20 LTS (2059R) ITALIMP X U', NULL, '20161021180040_balde_gemini.jpg', 71),
(101, 17492, 'BALDE C/ESCURRIDOR GEMINI AMARILLO (2060Y) ITALIMP X U', NULL, 'no-image.jpg', 71),
(102, 17493, 'BALDE GEMINI AMARILLO C/RUEDAS (2059Y) ITALIMPIA X U', NULL, 'no-image.jpg', 71),
(103, 17494, 'BALDE VEGA AMARILLO C/PRENSA (7960Y) ITALIMPIA X U', NULL, 'no-image.jpg', 71),
(104, 17495, 'BALDE SUPERMAX C/PRENSA 8000 AMARILLO (7970Y) ITAL X U', NULL, 'no-image.jpg', 71),
(105, 17496, 'BALDE SUPERMAX C/PRENSA 8000 ROJO (7970R) ITALIMPI X U', NULL, 'no-image.jpg', 71),
(106, 17497, 'BALDE SUPERMAX C/PRENSA 8000 VERDE (7970G) ITALIMP X U', NULL, 'no-image.jpg', 71),
(107, 11351, 'BARREDOR REPUESTO X 1 MT. PROF.', NULL, 'no-image.jpg', 72),
(108, 11352, 'BARREDOR REPUESTO X 45 CM. PROF.', NULL, '20151130092402_imgres.jpg', 72),
(109, 11353, 'BARREDOR REPUESTO X 1 MTS ACRILICO AZUL', NULL, 'no-image.jpg', 72),
(110, 11354, 'BARREDOR REPUESTO X 45 CM. ACRILICO AZUL', NULL, 'no-image.jpg', 72),
(111, 11355, 'BARREDOR REPUESTO X 60 CM. ACRILICO AZUL', NULL, 'no-image.jpg', 72),
(112, 10489, 'CABO MADERA FORRADO C/ROSCA', NULL, 'no-image.jpg', 73),
(113, 10490, 'CABO PARA SOPAPA', NULL, 'no-image.jpg', 73),
(114, 10491, 'CABO PLASTICO C/ROSCA', NULL, 'no-image.jpg', 73),
(115, 10492, 'CABO MADERA C/ROSCA', NULL, 'no-image.jpg', 73),
(116, 12101, 'CABO MADERA LARGO', NULL, 'no-image.jpg', 73),
(117, 12102, 'CABO BARRENDERO C/ROSCA', NULL, 'no-image.jpg', 73),
(118, 12120, 'CABO ACERO PINTURA EPOXI 30 MM BCO x 1.50 mt', NULL, 'no-image.jpg', 73),
(119, 12130, 'CABO ACERO PINTURA EPOXI 22 MM BCO x 1.50 mt', NULL, 'no-image.jpg', 73),
(120, 12817, 'CABO ALUMINIO 1.30 MTS', NULL, 'no-image.jpg', 73),
(121, 12818, 'CABO ALUMINIO PINTURA EPOXI 30 MM. BCO', NULL, 'no-image.jpg', 73),
(122, 12826, 'CABO ALUMINIO PINTURA EPOXI 22 MM BCO', NULL, 'no-image.jpg', 73),
(123, 12835, 'CABO ALUMINIO 1.50 MTS', NULL, 'no-image.jpg', 73),
(124, 17214, 'CABO ALUMINIO PRO (1052W) ITALIMPIA X U', NULL, 'no-image.jpg', 73),
(125, 17023, 'CEPILLO FRIG F/CORTA PBT BCA (4087W) ITALIMPIA X U', NULL, '20161214170213_cepillo_frigorifico_2.jpg', 74),
(126, 17024, 'CEPILLO BULKER SEMI-RIGIDO BCO (4593W) ITALIMPIA X U', NULL, '20160801162240_4593.jpg', 74),
(127, 17077, 'CEPILLO FRIG. F/CORTA PBT AZUL (4087B) ITALIMPIA X U', NULL, '20161214170213_cepillo_frigorifico_2.jpg', 74),
(128, 17078, 'CEPILLO FRIG. F/CORTA PBT ROJO (4087R) ITALIMPIA X U', NULL, '20161214170213_cepillo_frigorifico_2.jpg', 74),
(129, 17085, 'CEPILLO DECK F/LARGA BLANCO (4090W) ITALIMPIA X U', NULL, '20161214171202_cepillo_deck_2.jpg', 74),
(130, 17086, 'CEPILLO DECK F/LARGA ROJO (4090R) ITALIMPIA X U', NULL, '20161214171202_cepillo_deck_2.jpg', 74),
(131, 17087, 'CEPILLO DECK F/LARGA AZUL (4090B) ITALIMPIA X U', NULL, '20161214171202_cepillo_deck_2.jpg', 74),
(132, 10481, 'CEPILLO P/PISO PLASTICO GRANDE', NULL, 'no-image.jpg', 75),
(133, 17005, 'CEPILLO IND. BARREDERO (0615) ITALIMPIA X U', NULL, '20160801170636_0615.jpg', 75),
(134, 17151, 'CEPILLO ANDEN BARRENDERO AZUL (618B) ITALIMPIA X U', NULL, 'no-image.jpg', 75),
(135, 17457, 'CEPILLO COUNTER HARINERO PVC (4071) ITALIMPIA X U', NULL, 'no-image.jpg', 75),
(136, 17459, 'CEPILLO BARRENDERO (0645) ITALIMPIA X U', NULL, 'no-image.jpg', 75),
(137, 17461, 'CEPILLO FRANCES PVC 60 CM (0619) ITALIMPIA X U', NULL, 'no-image.jpg', 75),
(138, 10560, 'ESCOBA 5 HILOS CHAPITA', NULL, 'no-image.jpg', 76),
(139, 10562, 'ESCOBA 6 HILOS CHAPITA PORTERIA', NULL, 'no-image.jpg', 76),
(140, 10563, 'ESCOBA 6 HILOS GALPONERA SUPERIOR', NULL, 'no-image.jpg', 76),
(141, 10564, 'ESCOBA ESCOMAS PLASTICO S/CABO', NULL, 'no-image.jpg', 76),
(142, 10565, 'ESCOBA IPANEMA MASCARDI S/CABO', NULL, 'no-image.jpg', 76),
(143, 10566, 'ESCOBA MAKE PLASTICO S/CABO PREMIUN', NULL, 'no-image.jpg', 76),
(144, 10567, 'ESCOBA Amerimax PLASTICA S/CABO', NULL, 'no-image.jpg', 76),
(145, 17022, 'ESCOBA SANITARIA PBT BLANCA (4091W) ITALIMPIA X U', NULL, '20160729123911_escoba_sanitaria_1.jpg', 77),
(146, 17071, 'ESCOBA SANITARIA PBT ROJA (4091R) ITALIMPIA X U', NULL, '20160729123911_escoba_sanitaria_1.jpg', 77),
(147, 17072, 'ESCOBA SANITARIA PBT AZUL (4091B) ITALIMPIA X U', NULL, '20160729123911_escoba_sanitaria_1.jpg', 77),
(148, 17115, 'ESCOBA SANITARIA PBT AMARILLA (4091Y) ITALIMPIA X U', NULL, 'no-image.jpg', 77),
(149, 17462, 'ESCOBA ITALY PVC BCA (2001W) ITALIMPIA X U', NULL, 'no-image.jpg', 78),
(150, 17463, 'ESCOBA ITALY PVC DURA BCA (2007W) ITALIMPIA X U', NULL, 'no-image.jpg', 78),
(151, 17470, 'ESCOBA ITALY AZUL (2001B) ITALIMPIA X U', NULL, 'no-image.jpg', 78),
(152, 17471, 'ESCOBA ITALY ROJA (2001R) ITALIMPIA X U', NULL, 'no-image.jpg', 78),
(153, 17472, 'ESCOBA ITALY VERDE (2001G) ITALIMPIA X U', NULL, 'no-image.jpg', 78),
(154, 17473, 'ESCOBA ITALY AMARILLA (2001Y) ITALIMPIA X U', NULL, 'no-image.jpg', 78),
(155, 17474, 'ESCOBA ITALY DURA AZUL (2007B) ITALIMPIA X U', NULL, 'no-image.jpg', 78),
(156, 17475, 'ESCOBA ITALY DURA ROJA (2007R) ITALIMPIA X U', NULL, 'no-image.jpg', 78),
(157, 17476, 'ESCOBA ITALY DURA VERDE (2007G) ITALIMPIA X U', NULL, 'no-image.jpg', 78),
(158, 17477, 'ESCOBA ITALY DURA AMARILLA (2007Y) ITALIMPIA X U', NULL, 'no-image.jpg', 78),
(159, 17483, 'ESCOBETA ANGULAR P/PALA (2010) ITALIMPIA X U', NULL, 'no-image.jpg', 79),
(160, 10568, 'ESCOBILLON GONDOMAX', NULL, 'no-image.jpg', 80),
(161, 10569, 'ESCOBILLON LISO CERDA', NULL, 'no-image.jpg', 80),
(162, 10581, 'ESCOBILLON BIGOTE EUROPEO', NULL, 'no-image.jpg', 80),
(163, 10590, 'ESCOBILLON CERDA PURA 40 CM.', NULL, 'no-image.jpg', 80),
(164, 10591, 'ESCOBILLON CERDA PURA 50 CM.', NULL, 'no-image.jpg', 80),
(165, 10592, 'ESCOBILLON CERDA PURA 60 CM.', NULL, 'no-image.jpg', 80),
(166, 10600, 'ESCOBILLON ANDEN PURA 40 CM.', NULL, 'no-image.jpg', 80),
(167, 10601, 'ESCOBILLON ANDEN PURA 50 CM.', NULL, 'no-image.jpg', 80),
(168, 10602, 'ESCOBILLON ANDEN PURA 60 CM.', NULL, 'no-image.jpg', 80),
(169, 10604, 'ESCOBILLON ANDEN PURA 80 CM.', NULL, 'no-image.jpg', 80),
(170, 10605, 'ESCOBILLON ANDEN PURA 100 CM.', NULL, 'no-image.jpg', 80),
(171, 10606, 'TENSOR PARA CABOS', NULL, 'no-image.jpg', 80),
(172, 10611, 'ESCOBILLON LANIN MASCARDI S/CABO', NULL, 'no-image.jpg', 80),
(173, 10612, 'ESCOBILLON 5 HILERAS MASCARDI S/CABO', NULL, 'no-image.jpg', 80),
(174, 12194, 'ESCOBILLON ANDEN PLASTICO 1 MT', NULL, 'no-image.jpg', 80),
(175, 12197, 'ESCOBILLON BARRENDERO BASE PLASTICA 30 CM', NULL, 'no-image.jpg', 80),
(176, 17073, 'ESCOBILLON SANITARIO PBT BLANCO(4094W)ITALIMPIA X U', NULL, '20161215102247_escobillon1.jpg', 81),
(177, 17074, 'ESCOBILLON SANITARIO PBT AZUL (4094B) ITALIMPIA X U', NULL, '20161215102247_escobillon1.jpg', 81),
(178, 17075, 'ESCOBILLON SANITARIO PBT ROJO (4094R)ITALIMPIA X U', NULL, '20161215102247_escobillon1.jpg', 81),
(179, 17464, 'ESCOBILLON SORRENTO NEGRO (0628BK) ITALIMPIA X U', NULL, 'no-image.jpg', 82),
(180, 17478, 'ESCOBILLON SORRENTO AZUL (0628B) ITALIMPIA X U', NULL, 'no-image.jpg', 82),
(181, 17479, 'ESCOBILLON SORRENTO ROJO (0628R) ITALIMPIA X U', NULL, 'no-image.jpg', 82),
(182, 17480, 'ESCOBILLON SORRENTO VERDE (0628G) ITALIMPIA X U', NULL, 'no-image.jpg', 82),
(183, 17481, 'ESCOBILLON SORRENTO AMARILLO (0628Y) ITALIMPIA X U', NULL, 'no-image.jpg', 82),
(184, 10651, 'FIBRA ESPONJA SUPER', NULL, 'no-image.jpg', 83),
(185, 10652, 'FIBRA ESPONJA Nº2', NULL, 'no-image.jpg', 83),
(186, 10653, 'FIBRA ESPONJA 3M MULTIUSO', NULL, 'no-image.jpg', 83),
(187, 10679, 'FIBRA AZUL 2001 3M 12 X 16 CM', NULL, 'no-image.jpg', 83),
(188, 10680, 'FIBRA PARRILERA 3M 12 X 16 CM', NULL, 'no-image.jpg', 83),
(189, 10681, 'FIBRA DOBLE', NULL, 'no-image.jpg', 83),
(190, 10682, 'ESPONJA SPUGNELLA MAKE', NULL, 'no-image.jpg', 83),
(191, 10684, 'FIBRA VERDE MAKE (6496)', NULL, 'no-image.jpg', 83),
(192, 12200, 'ESPONJA DOBLE FAZ MAKE', NULL, 'no-image.jpg', 83),
(193, 10620, 'ESTROPAJO SUPER ACERO', NULL, 'no-image.jpg', 84),
(194, 10621, 'ESTROPAJO DE BRONCE', NULL, 'no-image.jpg', 84),
(195, 10622, 'ESTROPAJO ACERO T/INOXI X 2 UNID. 15 GRS', NULL, 'no-image.jpg', 84),
(196, 10623, 'ESTROPAJO DE BRONCE MEDIANO', NULL, 'no-image.jpg', 84),
(197, 11056, 'EXTENSOR TELESC.ALUMINIO PROF 2 MTS.', NULL, '20151201141258_extensor.jpg', 85),
(198, 11057, 'EXTENSOR TELESC ALUMINIO PROF 4 MTS.', NULL, '20151201141258_extensor.jpg', 85),
(199, 10950, 'LAMPAZO DE ALGODÓN S/CABO', NULL, 'no-image.jpg', 86),
(200, 11346, 'LAMPAZO BRUJA PROF.', NULL, '20140812170230_6507.jpg', 86),
(201, 12447, 'LAMPAZO MAKE SINTETICO', NULL, 'no-image.jpg', 86),
(202, 17029, 'MANGO ALUM. ROJO 1.50 MTS (1053R) X U', NULL, '20160729134312_1053.jpg', 87),
(203, 17036, 'MANGO ALUM BCO 1.50 MTS (1053W) ITALIMPIA X U', NULL, '20160729134312_1053.jpg', 87),
(204, 17101, 'MANGO ALUMINIO NEGRO 1.5 MTS (1053BK) ITALIMPIA X U', NULL, 'no-image.jpg', 87),
(205, 17130, 'MANGO DE FIBRA DE VIDRIO AZUL (1055B) ITALIMPIA X U', NULL, 'no-image.jpg', 87),
(206, 17440, 'MANGO ALUMINIO ACME 1.30 M NEGRO (1052BK) ITALIMPI X U', NULL, 'no-image.jpg', 87),
(207, 17441, 'MANGO ALUMINIO ACME 1.30 M VERDE (1052G) X U', NULL, 'no-image.jpg', 87),
(208, 17442, 'MANGO ALUMINIO ACME 1.30 AZUL (1052B) ITALIMPIA X U', NULL, 'no-image.jpg', 87),
(209, 17443, 'MANGO ALUMINIO ACME 1.30M ROJO (1052R) ITALIMPIA X U', NULL, 'no-image.jpg', 87),
(210, 17444, 'MANGO ALUMINIO ACME 1.30 AMARILLO (1052Y) ITALIMPI X U', NULL, '20170613181704_1052.png', 87),
(211, 17445, 'MANGO ALUMINIO ACME 1.50 M VERDE (1053G) ITALIMPIA CAJA 2 UNID.', NULL, 'no-image.jpg', 87),
(212, 17446, 'MANGO ALUMINIO ACME 1.50 M AZUL (1053B) ITALIMPIA X U', NULL, 'no-image.jpg', 87),
(213, 17447, 'MANGO ALUMINIO ACME 1.50 M AMARILLO (1053Y) ITALIM X U', NULL, 'no-image.jpg', 87),
(214, 17448, 'MANGO ALUMINIO ACME 1.50 M NARANJA (1053O) ITALIMP X U', NULL, 'no-image.jpg', 87),
(215, 17450, 'MANGO ERGO TELESCOPICO 2 MTS (3080) ITALIMPIA X U', NULL, 'no-image.jpg', 87),
(216, 17451, 'MANGO DE CHAPA 1.20 M (6010) ITALIMPIA X U', NULL, 'no-image.jpg', 87),
(217, 11340, 'MOPA DE PAVILO REP. PROF. 500 grs', NULL, '20151130142151_imgres.jpg', 88),
(218, 11344, 'MOPA ACRILICA AZUL', NULL, '20151130140748_mopa_acrilica_azul.jpg', 88),
(219, 17009, 'MINIMOP CORTO 185 GRS ROJO (6015R) ITALIMPIA X U', NULL, '20161109155324_minimop.jpg', 89),
(220, 17415, 'MOPA RAYON FINISH 350 GRS (0410) ITALIMPIA X U', NULL, 'no-image.jpg', 89),
(221, 17416, 'MOPA APC 350 GRS AZUL (0407A) ITALIMPIA X U', NULL, '20170616163729_8e07c.png', 89),
(222, 17417, 'MOPA APC 350 GRS BCA (0500B) ITALIMPIA X U', NULL, 'no-image.jpg', 89),
(223, 17418, 'MOPA APC 350 GRS BLANCA (0503B) ITALIMPIA X U', NULL, '20170613181704_1052.png', 89),
(224, 17419, 'MOPA APC 500 GRS BLANCO ( 0502B) ITALIMPIA X U', NULL, '20170616174705_mopa_apc.jpg', 89),
(225, 17420, 'MINIMOP 185 GRS AZUL (6015) ITALIMPIA X U', NULL, 'no-image.jpg', 89),
(226, 17421, 'MINIMOP CORTO 185 GRS AMARILLO ( 6015Y) ITALIMPIA X U', NULL, 'no-image.jpg', 89),
(227, 17422, 'MINIMOP LARGO AZUL (6016B) ITALIMPIA X U', NULL, 'no-image.jpg', 89),
(228, 17423, 'MINIMOP LARGO AMARILLO (6016Y) ITALIMPIA X U', NULL, 'no-image.jpg', 89),
(229, 17424, 'MINIMOP LARGO ROJO (6016R) ITALIMPIA X U', NULL, 'no-image.jpg', 89),
(230, 17425, 'MOPA FLAT MICROFIBRA 40 CM (8120) ITALIMPIA X U', NULL, 'no-image.jpg', 90),
(231, 17426, 'MOPA FLAT MICRO DOBLE SYST (8140) ITALIMPIA X U', NULL, 'no-image.jpg', 90),
(232, 17427, 'MOPA FLAT MICRO BOLSILLO (8123) ITALIMPIA X U', NULL, 'no-image.jpg', 90),
(233, 17400, 'MOPA SECA ALGODON 60 CM (7002T) ITALIMPIA X U', NULL, 'no-image.jpg', 91),
(234, 17401, 'MOPA SECA ALGODON 80 CM (7001T) ITALIMPIA X U', NULL, 'no-image.jpg', 91),
(235, 17402, 'MOPA SECA ALGODON 100 CM (7000T) ITALIMPIA X U', NULL, 'no-image.jpg', 91),
(236, 17403, 'MOPA SECA ACRILICA 60 CM (7002TA) ITALIMPIA X U', NULL, 'no-image.jpg', 91),
(237, 17404, 'MOPA SECA ACRILICA 80 CM (7001TA) ITALIMPIA X U', NULL, 'no-image.jpg', 91),
(238, 17405, 'MOPA SECA ACRILICA 100 CM (7000TA) ITALIMPIA X U', NULL, 'no-image.jpg', 91),
(239, 17409, 'MOPA SECA 35 CM (7003) ITALIMPIA X U', NULL, 'no-image.jpg', 91),
(240, 17410, 'MOPA ACRILICA SECA 35 CM (7003A) ITALIMPIA X U', NULL, 'no-image.jpg', 91),
(241, 17412, 'MOPA SECA COMPLETA 35 CM (6003) ITALIMPIA X U', NULL, 'no-image.jpg', 92),
(242, 10970, 'PALA PLASTICA', NULL, 'no-image.jpg', 93),
(243, 10971, 'PALA C/ESCOBA F101', NULL, 'no-image.jpg', 93),
(244, 10972, 'PALA ENLOZADA', NULL, 'no-image.jpg', 93),
(245, 10973, 'PALA SUPER PROFESIONAL C/CABO', NULL, 'no-image.jpg', 93),
(246, 10974, 'PALA PLASTICA M/REBATIBLE PROF.', NULL, 'no-image.jpg', 93),
(247, 10975, 'PALA PLASTICA M/FIJO', NULL, 'no-image.jpg', 93),
(248, 10976, 'PALA PLASTICA M/ALTO FIORENTINA HANDY', NULL, 'no-image.jpg', 93),
(249, 10977, 'PALA CAJON PLASTICA ROYCO', NULL, 'no-image.jpg', 93),
(250, 10978, 'PALA MEDIA LUNA PLASTICA', NULL, 'no-image.jpg', 93),
(251, 10979, 'PALA AEROPUERTO ROYCO', NULL, 'no-image.jpg', 93),
(252, 17003, 'PALA LOBBY BLANCO (3101W) ITALIMPIA X U', NULL, '20160803161446_3101.jpg', 93),
(253, 17212, 'PALA LOBBY AZUL (3101B) ITALIMPIA X U', NULL, 'no-image.jpg', 93),
(254, 17482, 'PALA LOBBY NEGRA (3101BK) ITALIMPIA X U', NULL, 'no-image.jpg', 93),
(255, 10980, 'PASACERA', NULL, 'no-image.jpg', 94),
(256, 17006, 'REPUESTO PAÑO APLICADOR CERA (9109) ITALIMPIA X U', NULL, '20161104170957_aplicador_cera.jpg', 94),
(257, 17007, 'SOPORTE APLICADOR CERA 40 CM (9147) ITALIMPIA X U', NULL, '20161104170957_aplicador_cera.jpg', 94),
(258, 11341, 'PINZA PARA MOPA', NULL, '20151130135301_prensa_mopa.jpg', 95),
(259, 11345, 'PINZA PARA MOPA GUILLOTINA', NULL, 'no-image.jpg', 95),
(260, 11010, 'SECADOR T/GOMA REF. X 30 CM.', NULL, 'no-image.jpg', 96),
(261, 11011, 'SECADOR T/GOMA REF. X 40 CM.', NULL, 'no-image.jpg', 96),
(262, 11012, 'SECADOR T/GOMA REF. X 50 CM.', NULL, 'no-image.jpg', 96),
(263, 11023, 'SECADOR M/GOMA REF. X 60 CM', NULL, 'no-image.jpg', 96),
(264, 11025, 'SECADOR M/GOMA REF. X 100 CM.', NULL, 'no-image.jpg', 96),
(265, 11026, 'SECADOR M/GOMA REF. X 80 CM.', NULL, 'no-image.jpg', 96),
(266, 11030, 'SECADOR METALICO 40 CM.', NULL, 'no-image.jpg', 96),
(267, 11032, 'SECADOR METALICO 60 CM.', NULL, 'no-image.jpg', 96),
(268, 11033, 'SECADOR METALICO 80 CM.', NULL, 'no-image.jpg', 96),
(269, 11034, 'SECADOR ALUMINIO REF.CARIÑO 45 CM', NULL, 'no-image.jpg', 96),
(270, 11035, 'SECADOR ALUMINIO REF.CARIÑO 80 CM', NULL, 'no-image.jpg', 96),
(271, 11036, 'SECADOR ALUMINIO REF. CARIÑO 1 MTS', NULL, 'no-image.jpg', 96),
(272, 11037, 'SECADOR METALICO 100 CM.', NULL, 'no-image.jpg', 96),
(273, 11041, 'SECADOR PLASTICO X 40 CM.', NULL, 'no-image.jpg', 96),
(274, 11042, 'SECADOR ALUMINIO REF. 40 CM.', NULL, 'no-image.jpg', 96),
(275, 11043, 'SECADOR ALUMINIO REF. 50 CM.', NULL, 'no-image.jpg', 96),
(276, 11044, 'SECADOR ALUMINIO REF. 80 CM.', NULL, 'no-image.jpg', 96),
(277, 11046, 'REPUESTO GOMA 40 CM.', NULL, 'no-image.jpg', 96),
(278, 11047, 'REPUESTO GOMA 50 CM.', NULL, 'no-image.jpg', 96),
(279, 11048, 'REPUESTO GOMA 1 MTS.', NULL, 'no-image.jpg', 96),
(280, 11049, 'SECADOR PLASTICO X 30 CM', NULL, 'no-image.jpg', 96),
(281, 12756, 'SECADOR D/GOMA 40 CM MAKE PREMIUN', NULL, 'no-image.jpg', 96),
(282, 12758, 'SECADOR GOMA BLANCA 40 CM', NULL, 'no-image.jpg', 96),
(283, 12759, 'SECADOR GOMA BLANCA 50 CM', NULL, 'no-image.jpg', 96),
(284, 12760, 'SECADOR GOMA BLANCA 80 CM', NULL, 'no-image.jpg', 96),
(285, 12776, 'SECADOR GOMA BLANCA 30 CM', NULL, 'no-image.jpg', 96),
(286, 17025, 'SECADOR SANITARIO 55 CM BCO (6060DW) ITALIMPIA X U', NULL, '20161114151520_secador.jpg', 96),
(287, 17034, 'SECADOR SANITARIO 55 CM VERDE (6060DG) ITALIMPIA X U', NULL, '20161114151520_secador.jpg', 96),
(288, 17120, 'SECADOR SANITARIO 75 CM AZUL (6070DB) ITALIMPIA X U', NULL, 'no-image.jpg', 96),
(289, 17430, 'SECADOR SANITARIO 55 CM BLANCO (6060W) ITALIMPIA X U', NULL, 'no-image.jpg', 96),
(290, 17432, 'SECADOR SANITARIO 75 CM (6070R) ROJO ITALIMPIA X U', NULL, 'no-image.jpg', 96),
(291, 17433, 'SECADOR SANITARIO 75 CM (6070W) BCO ITALIMPIA X U', NULL, 'no-image.jpg', 96),
(292, 17434, 'SECADOR TORK GOMA 75 CM GRIS (5075) ITALIMPIA X U', NULL, 'no-image.jpg', 96),
(293, 17435, 'SECADOR ROBY 40 CM AMARILLO (6006Y) ITALIMPIA X U', NULL, 'no-image.jpg', 96),
(294, 17436, 'SECADOR ROBY 40 CM ROJO (6006R) ITALIMPIA X U', NULL, 'no-image.jpg', 96),
(295, 17437, 'SECADOR ROBY 40 CM VERDE (6006G) ITALIMPIA X U', NULL, 'no-image.jpg', 96),
(296, 17438, 'SECADOR ROBY 40 CM BCO (6006W) ITALIMPIA X U', NULL, 'no-image.jpg', 96),
(297, 17439, 'REPUESTO SECADOR 40 CM (7006) ITALIMPIA X U', NULL, 'no-image.jpg', 96),
(298, 17000, 'SECADOR SANITARIO BLANCO 40 CM (6006DW) ITALIMPIA X U', NULL, '20161114152328_secador_bco.jpg', 96),
(299, 17033, 'SECADOR SANITARIO 55 CM. ROJO (6060DR) ITALIMPIA X U', NULL, '20161114151520_secador.jpg', 96),
(300, 17070, 'SECADOR SANITARIO 55 CM AZUL (6060DB) ITALIMPIA X U', NULL, '20161114151520_secador.jpg', 96),
(301, 17428, 'SECADOR SANITARIO 55 CM (6060Y)AMARILLO ITALIMPIA X U', NULL, 'no-image.jpg', 96),
(302, 17429, 'SECADOR SANITARIO 55 CM (6060R) ROJO ITALIMPIA X U', NULL, 'no-image.jpg', 96),
(303, 17431, 'SECADOR SANITARIO 75 CM (6070Y) AMARILLO ITALIMPIA X U', NULL, 'no-image.jpg', 96),
(304, 10494, 'SEÑAL PISO MOJADO', NULL, 'no-image.jpg', 97),
(305, 17030, 'SEÑAL DE PISO NO PASAR (8623) ITALIMPIA X U', NULL, '20151125142027_seguridad-industrial-20316-mla20189396810_112014-n.jpg', 97),
(306, 17031, 'SEÑAL PARA PISO MOJADO (8625) ITALIMPIA X U', NULL, '20151125142027_seguridad-industrial-20316-mla20189396810_112014-n.jpg', 97),
(307, 17032, 'SEÑAL PISO CERRADO (8624) ITALIMPIA X U', NULL, '20151125142027_seguridad-industrial-20316-mla20189396810_112014-n.jpg', 97),
(308, 17152, 'SUJETAMOPA ARNOLD (8004) ITALIMPIA X U', NULL, '20170613181704_1052.png', 98),
(309, 17452, 'SUJETAMOPA MEDIANO (8005) ITALIMPIA X U', NULL, 'no-image.jpg', 98),
(310, 17453, 'SUJETAMOPA JAWS (8006) ITALIMPIA X U', NULL, 'no-image.jpg', 98),
(311, 17454, 'SUJETAMOPA C/MANGO ALUMINIO (8005/1053) ITALIMPIA X U', NULL, 'no-image.jpg', 98),
(312, 17455, 'SUJETAMOPA C/MANGO DE ALUMINIO (8004/1053) ITALIMP X U', NULL, 'no-image.jpg', 98),
(313, 17456, 'SUJETAMOPA C/MANGO ALUMINIO (8006/1053 X U', NULL, '20170616174705_mopa_apc.jpg', 98),
(314, 17100, 'CEPILLO COUNTER HARINERO BLANCO (4070W) ITALIMPIA X U', NULL, 'no-image.jpg', 99),
(315, 17051, 'ESPATULA GRANDE BLANCA (4660W) ITALIMPIA X U', NULL, '20161109153843_espatulas.jpg', 100),
(316, 17113, 'ESPATULA CHICA BLANCA (4620W) ITALIMPIA X U', NULL, 'no-image.jpg', 100),
(317, 17114, 'ESPATULA CHICA AMARILLO (4620Y) ITALIMPIA X U', NULL, 'no-image.jpg', 100),
(318, 17121, 'ESPATULA CHICA AZUL (4620B) ITALIMPIA X U', NULL, 'no-image.jpg', 100),
(319, 17090, 'CEPILLO LIMPIA CALZADO (4355) ITALIMPIA X U', NULL, '20161215075752_cepillo_limpia_calzado_3.jpg', 101),
(320, 17050, 'PALA ESPECIERA BLANCA (4430W) ITALIMPIA X U', NULL, '20161115070634_unnamed.jpg', 102),
(321, 17080, 'PALA SANITARIA BLANCA (4260W) ITALIMPIA X U', NULL, '20161214104806_pala1.jpg', 102),
(322, 17110, 'PALA SANITARIA CHICA AMARILLA (4240Y) ITALIMPIA X U', NULL, 'no-image.jpg', 102),
(323, 17111, 'PALA SANITARIA CHICA AZUL (4240B) ITALIMPIA X U', NULL, 'no-image.jpg', 102),
(324, 17112, 'PALA SANITARIA CHICA BLANCO (4240W) ITALIMPÌA X U', NULL, 'no-image.jpg', 102),
(325, 17076, 'RASQUETA DE TABLA DE CORTE (4520) ITALIMPIA X U', NULL, '20161215110649_rasqueta.jpg', 103),
(326, 17079, 'SECADOR DE MESADA SANITARIO BLANCO (4767W) X U', NULL, '20161215082211_secador_de_mesa_sanitario_2.jpg', 104),
(327, 10995, 'CABO EXTENSIBLE 2 MTS. (P/PLUMERO)', NULL, 'no-image.jpg', 105),
(328, 17458, 'CEPILLO LIMPIATECHO TRIANGULO (0610) ITALIMPIA X U', NULL, 'no-image.jpg', 106),
(329, 17525, 'CEPILLO LIMPIATECHO BALL C/EXT (2004) ITALIMPIA X U', NULL, 'no-image.jpg', 106),
(330, 17526, 'CEPILLO LIMPIATECHO BALL (2003) ITALIMPIA X U', NULL, 'no-image.jpg', 106),
(331, 17413, 'MOPA LIMPIATUBERIAS C/EXTEN (5997) ITALIMPIA X U', NULL, 'no-image.jpg', 107),
(332, 10994, 'PLUMERO P/TECHO ESPECIAL', NULL, 'no-image.jpg', 108),
(333, 10996, 'PLUMERO TECHO PLASTICO ART. 848', NULL, 'no-image.jpg', 108),
(334, 17414, 'REPUESTO MOPA LIMPIATUBERIAS (5996) ITALIMPIA X U', NULL, 'no-image.jpg', 109),
(335, 11058, 'REPUESTO GOMA PREMIUN 25 CM', NULL, 'no-image.jpg', 110),
(336, 11059, 'REPUESTO GOMA PREMIUN 35 CM', NULL, 'no-image.jpg', 110),
(337, 11060, 'VELLON REPUESTO LAV.25 CM.', NULL, 'no-image.jpg', 110),
(338, 11061, 'VELLON REPUESTO LAV.35 CM.', NULL, 'no-image.jpg', 110),
(339, 17027, 'ASTA PRO TELESC. 2 X 1.50 MTS (9078) ITALIMPIA X U', NULL, '20161021172912_asta_pro_telesc..jpg', 110),
(340, 17028, 'ASTA PRO TELESC 3 X 2 MTS (9084) ITALIMPIA X U', NULL, '20161021171855_asta_pro_telesc..jpg', 110),
(341, 17484, 'BALDE RECT VIDRIERO C/RUEDA (7914) ITALIMPIA X U', NULL, 'no-image.jpg', 110),
(342, 17513, 'PAÑO LAVADOR COMPLETO 35 CM (9102) ITALIMPIA X U', NULL, 'no-image.jpg', 110),
(343, 17514, 'PAÑO LAVADOR COMPLETO C/FIBRA (9132) ITALIMPIA X U', NULL, 'no-image.jpg', 110),
(344, 17515, 'REP PAÑO LAVADOR 35 CM (9106) ITALIMPIA X U', NULL, 'no-image.jpg', 110),
(345, 17516, 'REP PAÑO LAVADOR C/FIBRA (9136) ITALIMPIA X U', NULL, 'no-image.jpg', 110),
(346, 17517, 'ASTA PRO TELESCOP 2.50 MTS (9081) ITALIMPIA X U', NULL, 'no-image.jpg', 110),
(347, 17518, 'ASTA TELESCOPICA  PRO 4.50 MTS (9087) ITALIMPIA X U', NULL, 'no-image.jpg', 110),
(348, 17519, 'PUNTERA EN ANGULO (9088) ITALIMPIA X U', NULL, 'no-image.jpg', 110),
(349, 17520, 'PUNTERA TERMINAL DE TELESC (9089) ITALIMPIA X U', NULL, 'no-image.jpg', 110),
(350, 17521, 'ADAPTADOR DE PUNTERA TERMINAL (9090) ITALIMPIA X U', NULL, 'no-image.jpg', 110),
(351, 17523, 'REP DE SEC VICEVERSA (R9057) ITALIMPIA X U', NULL, 'no-image.jpg', 110),
(352, 17551, 'REPUESTO DE GOMA 70 CM (9072) ITALIMPIA', NULL, 'no-image.jpg', 110),
(353, 11050, 'SECADOR P/VIDRIOS MEDIANOS REF.', NULL, 'no-image.jpg', 111),
(354, 11051, 'SECADOR P/VIDRIOS GRANDE REF.', NULL, 'no-image.jpg', 111),
(355, 11052, 'SECADOR VIDRIOS INOX. PROF. 25 CM.', NULL, '20151201143632_secador_de_vidrio.jpg', 111),
(356, 11053, 'SECADOR VIDRIOS INOX. PROF. 35 CM.', NULL, '20151201143632_secador_de_vidrio.jpg', 111),
(357, 11054, 'LAVAVIDRIOS COMPLETO PROF.25 CM.', NULL, '20151201145257_lavavidrios.jpg', 111),
(358, 11055, 'LAVAVIDRIOS COMPLETO PROF.35 CM.', NULL, '20151201145257_lavavidrios.jpg', 111),
(359, 17140, 'SECAVIDRIO INOX 25 CM (9051) ITALIMPIA X U', NULL, 'no-image.jpg', 111),
(360, 17141, 'SECAVIDRIO INOX 35 CM (9052) ITALIMPIA X U', NULL, 'no-image.jpg', 111),
(361, 17142, 'SECAVIDRIO INOX 45 CM (9053) ITALIMPIA X U', NULL, 'no-image.jpg', 111),
(362, 17143, 'SECAVIDRIO REX 25 CM (9058) ITALIMPIA X U', NULL, 'no-image.jpg', 111),
(363, 17144, 'SECAVIDRIO REX 35 CM (9059) ITALIMPIA X U', NULL, 'no-image.jpg', 111),
(364, 17145, 'SECAVIDRIO AMBO 25 CM (9054) ITALIMPIA X U', NULL, 'no-image.jpg', 111),
(365, 17146, 'SECAVIDRIO AMBO 45 CM (9056) ITALIMPIA X U', NULL, 'no-image.jpg', 111),
(366, 17147, 'SECADOR MOVIL 25 CM (9041) ITALIMPIA X U', NULL, 'no-image.jpg', 111),
(367, 17148, 'SECADOR MOVIL 45 CM (9043) ITALIMPIA X U', NULL, 'no-image.jpg', 111),
(368, 17510, 'SECAVIDRIOS REX 45 CM (9060) ITALIMPIA X U', NULL, 'no-image.jpg', 111),
(369, 17511, 'SECADOR VICEVERSA AMBO 35 CM (9055) ITALIMPIA X U', NULL, 'no-image.jpg', 111),
(370, 17512, 'SECAVIDRIOS MOVIL 25 CM (9041) ITALIMPIA X U', NULL, 'no-image.jpg', 111),
(371, 17522, 'SECAVIDRIO VICEVERSA DUO 20 CM (9057) ITALIMPIA X U', NULL, 'no-image.jpg', 111),
(372, 17018, 'ARMAZON VELCRO DUMP 60 CM (5300) ITALIMPIA X U', NULL, '20161124120005_5300.jpg', 112),
(373, 17539, 'ARMAZON VELCRO DUMP 40 CM (5200) X U', NULL, 'no-image.jpg', 112),
(374, 17015, 'BALDE EASY 8 LTS BLANCO (8107W) ITALIMPIA X U', NULL, '20160803170754_8107-1.jpg', 113),
(375, 17040, 'BALDE EASY 8 LTS AZUL (8107B) ITALIMPIA X U', NULL, '20160803170754_8107-1.jpg', 113),
(376, 17041, 'BALDE EASY 8 LTS ROJO (8107R) ITALIMPIA X U', NULL, '20160803170754_8107-1.jpg', 113),
(377, 17530, 'BALDE HERMETIC COMPLETO AZUL (8440B) ITALIMPIA X U', NULL, 'no-image.jpg', 113),
(378, 17531, 'BALDE HERMETIC COMPLETO ROJO (8440R) ITALIMPIA X U', NULL, 'no-image.jpg', 113),
(379, 17532, 'BALDE HERMETICO 22 LT AZUL (8444B) ITALIMPIA X U', NULL, 'no-image.jpg', 113),
(380, 17533, 'BALDE HERMETICO 22 LTS ROJO (8444R) ITALIMPIA X U', NULL, 'no-image.jpg', 113),
(381, 17534, 'TAPA DE BALDE 22 LTS GRIS (8446G) ITALIMPIA X U', NULL, 'no-image.jpg', 113),
(382, 17541, 'BALDE 8 LTS AMARILLO (8107Y) ITALIMPIA X U', NULL, 'no-image.jpg', 113),
(383, 17542, 'BALDE 8 LTS VERDE (8107G) ITALIMPIA X U', NULL, 'no-image.jpg', 113),
(384, 17016, 'CARRO DESINF SANILAB (SA3103) ITALIMPIA X U', NULL, '20161028142156_carro_sanilab.jpg', 114),
(385, 17528, 'CARRO SANILAB COMPACTO (SA3104) ITALIMPIA X U', NULL, 'no-image.jpg', 114),
(386, 17529, 'CARRO DOBLE RESIDUOS (SA3118) ITALIMPIA X U', NULL, 'no-image.jpg', 114),
(387, 17017, 'DRY MOP MICROFIBER 60 CM (DR600) ITALIMPIA X U', NULL, '20161028153027_dry_mop_microfiber_60_cm__dr600_.jpg', 115),
(388, 17102, 'PAD MICROFIBRA 40 CM (DM450) ITALIMPIA X U', NULL, 'no-image.jpg', 115),
(389, 17202, 'PAÑO PISO MICROFIBRA AZUL (PM600B) ITALIMPIA X U', NULL, '20160803164841_600.jpg', 115),
(390, 17535, 'PAD MICROFIBRA VERDE 40 CM (DM450G) ITALIMPIA X U', NULL, 'no-image.jpg', 115),
(391, 17536, 'PAD MICROFIBRA ROJO 40 CM (DM450R) ITALIMPIA X U', NULL, 'no-image.jpg', 115),
(392, 17537, 'PAD MICROFIBRA AMARILLO 40 CM (DM450Y) ITALIMPIA X U', NULL, 'no-image.jpg', 115),
(393, 17538, 'MOPA HUMEDA MICROFIBRA AZUL (DM600B) ITALIMPIA X U', NULL, 'no-image.jpg', 115),
(394, 17540, 'DRY MOP MICROFIBER 40 CM (DR450) ITALIMPIA X U', NULL, 'no-image.jpg', 115),
(395, 11540, 'APLICADOR UNIVERSAL UNIDAD', NULL, 'no-image.jpg', 116),
(396, 17491, 'CAMBIADOR DE BEBE (6500) ITALIMPIA X U', NULL, 'no-image.jpg', 117),
(397, 10670, 'FRANELA GAMUZA', NULL, 'no-image.jpg', 118),
(398, 10940, 'LANA DE ACERO RULITO SUAVELINDA', NULL, 'no-image.jpg', 119),
(399, 10944, 'LANA DE ACERO RUEDA', NULL, 'no-image.jpg', 119),
(400, 11122, 'PAÑO MICROFIBRA MULTIUSO MR TRAPO', NULL, 'no-image.jpg', 120),
(401, 17200, 'PAÑO MICROFIBRA VERDE 40 X 40 CM (PM400G) ITALIMPI X U', NULL, '20160803164306_400-1.jpg', 120),
(402, 17201, 'PAÑO MICROFIBRA ROJO 40 X 40 (PM400R) ITALIMPIA X U', NULL, '20160803164306_400-1.jpg', 120),
(403, 17203, 'PAÑO MICROFIBRA AMARILLO PM400Y ITALIMPIA X U', NULL, '20160803164306_400-1.jpg', 120),
(404, 17204, 'PAÑO MICROFIBRA AZUL PM400B ITALIMPIA X U', NULL, '20160803164306_400-1.jpg', 120),
(405, 17205, 'PAÑO MICROFIBRA BLANCO (PM400W) ITALIMPIA X U', NULL, '20160803164306_400-1.jpg', 120),
(406, 10330, 'PAÑO MORTIMER ANTIBACTERIAL X 3 UNID.', NULL, 'no-image.jpg', 121),
(407, 10333, 'PAQ.BALLERINA  X 3 UNID.', NULL, 'no-image.jpg', 121),
(408, 10981, 'PAÑO MULTIUSO MAKE X 3 UNID.', NULL, 'no-image.jpg', 121),
(409, 10982, 'PAÑO MULTIUSO ENV. MAKE X UNID.', NULL, 'no-image.jpg', 121),
(410, 10983, 'PAÑO MULTIUSO PISO MAKE', NULL, 'no-image.jpg', 121),
(411, 10984, 'PAÑO MULTIUSO MAKE A GRANEL', NULL, 'no-image.jpg', 121),
(412, 10985, 'ROLLO PAÑO MULTIUSO MAKE PRECORTADO', NULL, 'no-image.jpg', 121),
(413, 12761, 'PAÑO MAGIC SOFT SURTIDO', NULL, 'no-image.jpg', 121),
(414, 10990, 'PLUMERO NEGRO ESPECIAL Nº 50', NULL, 'no-image.jpg', 122),
(415, 10991, 'PLUMERO NEGRO ESPECIAL Nº 40', NULL, 'no-image.jpg', 122),
(416, 10992, 'PLUMERO GRIS ESPECIAL Nº 50', NULL, 'no-image.jpg', 122),
(417, 10993, 'PLUMERO GRIS ESPECIAL Nº 40', NULL, 'no-image.jpg', 122),
(418, 12600, 'PLUMERO DE LANA', NULL, 'no-image.jpg', 122),
(419, 17001, 'PORTA FIBRA ZOCALERO BLANCO (5229W) ITALIMPIA X U', NULL, '20160803160303_5229-1.jpg', 123),
(420, 17062, 'PORTA FIBRA ZOCALERO AZUL (5229B) ITALIMPIA X U', NULL, '20160803160303_5229-1.jpg', 123),
(421, 17063, 'PORTA FIBRA ZOCALERO ROJO (5229R) ITALIMPIA X U', NULL, '20160803160303_5229-1.jpg', 123),
(422, 17467, 'PORTA FIBRA MANUAL AZUL (5228B) ITALIMPIA X U', NULL, 'no-image.jpg', 123),
(423, 16012, 'PULVERIZADOR SUTTER X 1 LT', NULL, 'no-image.jpg', 124),
(424, 17330, 'RASQUETA PISO C/MANGO (9151) ITALIMPIA X U', NULL, 'no-image.jpg', 125),
(425, 11000, 'REPASADOR DE ALGODON', NULL, 'no-image.jpg', 126),
(426, 11001, 'REPASADOR DE TOALLA', NULL, 'no-image.jpg', 126),
(427, 11081, 'SOPAPA DE GOMA', NULL, 'no-image.jpg', 127),
(428, 11082, 'SOPAPA GOMA GRANDE', NULL, 'no-image.jpg', 127),
(429, 11090, 'TRAPO DE PISO BCO. Nº 5 70 X 60 PESAD.', NULL, 'no-image.jpg', 128),
(430, 11091, 'TRAPO DE PISO BCO. Nº 5 60 X 60 PESAD.', NULL, 'no-image.jpg', 128),
(431, 11092, 'TRAPO DE PISO BCO. Nº 5 50 X 60 PESAD.', NULL, 'no-image.jpg', 128),
(432, 11093, 'TRAPO DE PISO BCO 5T 65 X 70 CM.', NULL, 'no-image.jpg', 128),
(433, 11110, 'TRAPO ESPONJA ART. 190 PESADO', NULL, 'no-image.jpg', 128),
(434, 11111, 'TRAPO REJILLA TEPE LIVIANA', NULL, 'no-image.jpg', 128),
(435, 11120, 'TRAPO REJILLA', NULL, 'no-image.jpg', 128),
(436, 11121, 'TRAPO REJILLA COCINA', NULL, 'no-image.jpg', 128),
(437, 11130, 'TRAPO DE PISO GRIS', NULL, 'no-image.jpg', 128),
(438, 16013, 'VASO CON MEDIDA SUTTER', NULL, 'no-image.jpg', 129),
(439, 11150, 'VIRUTA P/PISO MEDIANA Nº 7', NULL, 'no-image.jpg', 130),
(440, 11151, 'VIRUTA P/PISO FINA Nº 6', NULL, 'no-image.jpg', 130),
(441, 10433, 'CAJON RESIDUOS REFORZADO X 12 LTS.', NULL, 'no-image.jpg', 131),
(442, 10435, 'CAJON RESIDUOS REFORZADO X 34 LTS.', NULL, 'no-image.jpg', 131),
(443, 10436, 'CAJON RESIDUOS REFORZADO X 68 LTS.', NULL, 'no-image.jpg', 131),
(444, 10437, 'CAJON RESIDUOS PEDAL X 5 LTS.', NULL, 'no-image.jpg', 131),
(445, 10438, 'CAJON RESIDUOS PEDAL X 20 LTS.', NULL, 'no-image.jpg', 131),
(446, 10443, 'CAJON RESIDUOS VERDE 34 LTS', NULL, 'no-image.jpg', 131),
(447, 10530, 'CAJON RESIDUOS NEGRO 34 LTS', NULL, 'no-image.jpg', 131),
(448, 10531, 'CAJON RESIDUOS BEIGE 34 LTS', NULL, 'no-image.jpg', 131),
(449, 10320, 'TAPA BASCULANTE PARA CESTO 24 LTS BLANCA', NULL, 'no-image.jpg', 132),
(450, 10439, 'CESTO MULTIUSO VENTILADO REDONDO', NULL, 'no-image.jpg', 132),
(451, 10441, 'CESTO T/VAIVEN 23 LTS.', NULL, 'no-image.jpg', 132),
(452, 10444, 'TAPA BASCULANTE PARA CESTO 44 LTS', NULL, 'no-image.jpg', 132),
(453, 10479, 'TAPA BASCULANTE PARA CESTO 24 LTS NEGRA', NULL, 'no-image.jpg', 132),
(454, 11406, 'CESTO PLASTICO 13 LTS.', NULL, '20151214082452_papel.jpg', 132),
(455, 11407, 'CESTO PLASTICO 24 LTS.', NULL, '20151214082452_papel.jpg', 132),
(456, 12072, 'CESTO PLASTICO BLANCO 44 LTS', NULL, 'no-image.jpg', 132),
(457, 12119, 'CESTO PLASTICO NEGRO 24 LTS', NULL, 'no-image.jpg', 132),
(458, 17054, 'PAPELERA VAIVEN TAPA PLANA 53 (100253) ITALIMPIA X U', NULL, '20161028160104_papelero_vaiven.jpg', 132),
(459, 17055, 'CESTO C/TAPA PUSH 60 LTS (5660) ITALIMPIA X U', NULL, '20161028145641_cesto_papelero_con_tapa_push.jpg', 132),
(460, 17300, 'CONTENEDOR C/TAPA 35 LTS NEGRO (BK5635) ITALIMPIA X U', NULL, 'no-image.jpg', 132),
(461, 17305, 'PAPELERA VAIVEN 35 LTS AZUL (100235) ITALIMPIA X U', NULL, 'no-image.jpg', 132),
(462, 17306, 'PAPELERA VAIVEN 35 LTS ROJO (100235) ITALIMPIA X U', NULL, 'no-image.jpg', 132),
(463, 17307, 'PAPELERA A PEDAL 20 LTS GRIS (100220) ITALIMPIA X U', NULL, 'no-image.jpg', 132),
(464, 17308, 'PAPELERA A PEDAL VERDE 20 LTS (100220) ITALIMPIA X U', NULL, 'no-image.jpg', 132),
(465, 17309, 'CESTO 24 LTS C/TAPA VERDE (G5624T) ITALIMPIA X U', NULL, 'no-image.jpg', 132),
(466, 17310, 'CESTO RECT S/TAPA 24 LTS (5624) ITALIMPIA X U', NULL, 'no-image.jpg', 132),
(467, 17311, 'PAPELERA VAIVEN TAPA PLANA 35 VERDE (100235G) ITALIMPIAX U', NULL, 'no-image.jpg', 132),
(468, 10550, 'CONTENEDOR ECO 24 LTS NEGRO', NULL, 'no-image.jpg', 133),
(469, 10551, 'CONTENEDOR ECO 24 LTS VERDE', NULL, 'no-image.jpg', 133),
(470, 10553, 'CONTENEDOR ECO 35 LTS VERDE', NULL, 'no-image.jpg', 133),
(471, 17053, 'CONTENEDOR OSO C/P 240 LTS GRIS (P5240) ITALIMPIA X U', NULL, '20161115065102_contenedor_oso.jpg', 133),
(472, 17313, 'CONTENEDOR C/TAPA 35 LTS NEGRO (BK5635) ITALIMPIA', NULL, 'no-image.jpg', 133),
(473, 17301, 'CONTENEDOR 121 LTS S/TAPA VERDE (1008381)ITALIMPIA X U', NULL, 'no-image.jpg', 133),
(474, 17302, 'CONTENEDOR 121 LT S/TAPA AZUL (1008381) ITALIMPIA X U', NULL, 'no-image.jpg', 133),
(475, 17303, 'CONTENEDOR 121 LTS GRIS (1008381) ITALIMPIA X U', NULL, 'no-image.jpg', 133),
(476, 17304, 'CONTENEDOR 121 LTS ROJO (1008381) ITALIMPIA X U', NULL, 'no-image.jpg', 133),
(477, 17312, 'CONTENEDOR ELITE 121 LTS AZUL (1008380) ITALIMPIA X U', NULL, 'no-image.jpg', 133),
(478, 11390, 'BOB. INDUST ELITE D/H PREMIUN X 2 UNID.(6293)', NULL, 'no-image.jpg', 134),
(479, 11393, 'SOFTEX ELITE BEIGE X 2 (6214)', NULL, '20140812173515_6214.jpg', 134),
(480, 11394, 'BOB. MULT.D/H  BCO PREMIUN 400 MTS.(6264)X 2 ROLLOS', NULL, '20140812173320_6264.jpg', 134),
(481, 11395, 'BOB. ELEGANTE PREMIUN D/H 24 CM 2 X 400 MTS ( 1003)', NULL, 'no-image.jpg', 134),
(482, 11397, 'BOB. IND. D/HOJA 400 MTS X 2 UNID.', NULL, 'no-image.jpg', 134),
(483, 11438, 'BOBINA VYMAT IND. D/H 400 MTS X 2 UNID.', NULL, 'no-image.jpg', 134),
(484, 10401, 'BOLSAS STANDARD 60 X 90 CM. X 50 UNID. (CRISTAL)', NULL, 'no-image.jpg', 135),
(485, 10402, 'BOLSAS STANDARD 60 X 90 CM. X 50 UNID. (VERDES)', NULL, 'no-image.jpg', 135),
(486, 10422, 'BOLSAS STANDARD N°4 X 50 UNID.', NULL, 'no-image.jpg', 135),
(487, 10423, 'BOLSAS STANDARD 60 X 90 CM X 50 UNID', NULL, 'no-image.jpg', 135),
(488, 10424, 'BOLSAS STANDARD 80 X 110 CM X 50 UNID.', NULL, 'no-image.jpg', 135),
(489, 10425, 'BOLSAS STANDARD 100 X 120 CM. X 50 UNID.', NULL, 'no-image.jpg', 135),
(490, 10426, 'BOLSAS STANDARD 80 X 110 CM. X 50 UNID. (VERDES)', NULL, 'no-image.jpg', 135),
(491, 10427, 'BOLSAS STANDARD 90 X 110 CM X 50 UNID (CRISTAL)', NULL, 'no-image.jpg', 135),
(492, 10428, 'BOLSAS STANDARD 60 X 90 CM. X 50 UNID. (ROJAS)', NULL, 'no-image.jpg', 135),
(493, 10429, 'BOLSAS STANDARD 80 X 110 CM. X 50 UNID. (ROJAS)', NULL, 'no-image.jpg', 135),
(494, 10445, 'BOLSAS Nº4 BLANCAS X 30 UNID.', NULL, 'no-image.jpg', 136),
(495, 10446, 'BOLSAS CONSORCIO X 50 UNID. ART.9', NULL, 'no-image.jpg', 136),
(496, 10447, 'BOLSAS 100 X 110 CM. X 50 UNID.', NULL, 'no-image.jpg', 136),
(497, 10448, 'BOLSAS 120 LTS. BLANCAS X 50 UNID.', NULL, 'no-image.jpg', 136),
(498, 10449, 'BOLSAS 85 X 120 CM.- X  50 UNID.', NULL, 'no-image.jpg', 136),
(499, 10450, 'BOLSAS 70 LTS. BLANCAS X 50 UNID.PESAD.', NULL, 'no-image.jpg', 136),
(500, 10451, 'BOLSAS 120 LTS.X 50 UNID.PESAD.', NULL, 'no-image.jpg', 136),
(501, 10452, 'BOLSAS CONSORCIO X 50 UNID.PESADAS', NULL, 'no-image.jpg', 136),
(502, 10454, 'BOLSAS 90 X 120 CM. X 50 UNID.', NULL, 'no-image.jpg', 136),
(503, 10455, 'BOLSAS Nº4 X 100 UNID. PESADAS', NULL, 'no-image.jpg', 136),
(504, 10456, 'BOLSAS Nº4 X 30 UNID. PESADAS', NULL, 'no-image.jpg', 136),
(505, 10457, 'BOLSAS Nº5 X 30 U. PESADAS', NULL, 'no-image.jpg', 136),
(506, 10459, 'BOLSAS 120 LTS. ART.4 X 50 UNID.', NULL, 'no-image.jpg', 136),
(507, 10464, 'BOLSAS N°4 ROJAS X 100 UNID.', NULL, 'no-image.jpg', 136),
(508, 10465, 'BOLSAS CONSORCIO ROJAS X 100 UNID.', NULL, 'no-image.jpg', 136),
(509, 10466, 'BOLSAS 50 x 70 cm ROJAS X 50 UNID.', NULL, 'no-image.jpg', 136),
(510, 10467, 'BOLSAS Nº4 VERDES X 100 UNID.', NULL, 'no-image.jpg', 136),
(511, 10468, 'BOLSAS Nº4 ROJAS X 30 UNID.', NULL, 'no-image.jpg', 136),
(512, 10469, 'BOLSAS Nº4 BLANCAS X 100 UNID.', NULL, 'no-image.jpg', 136),
(513, 10470, 'BOLSAS 50 X 70 cm BLANCAS X 50 UNID.', NULL, 'no-image.jpg', 136),
(514, 10477, 'BOLSAS 80 X 110 CM. X 50 UNID', NULL, 'no-image.jpg', 136),
(515, 10478, 'BOLSAS 120 LTS. ROJAS X 50 UNID.', NULL, 'no-image.jpg', 136),
(516, 10480, 'BOLSAS 90 X 120 CM. VERDES X 50 UNID.', NULL, 'no-image.jpg', 136),
(517, 10483, 'BOLSAS 90 X 120 CM. ROJAS X 50 UNID.', NULL, 'no-image.jpg', 136),
(518, 10484, 'BOLSAS 90 X 120 CM. CELESTE X 50 UNID.', NULL, 'no-image.jpg', 136),
(519, 10485, 'BOLSAS 90 X 120 CM. AMARILLAS X 50 UNID.', NULL, 'no-image.jpg', 136),
(520, 12046, 'BOLSAS 120 LTS. VERDES X 50 UNID.', NULL, 'no-image.jpg', 136),
(521, 12048, 'BOLSAS CONSORCIO AMARILLAS X 50 UNID', NULL, 'no-image.jpg', 136),
(522, 12052, 'BOLSAS 60 X 65 CM ROJAS X 50 UNID.', NULL, 'no-image.jpg', 136),
(523, 12053, 'BOLSAS 80 X 110 CM X 50 UNID. CRISTAL', NULL, 'no-image.jpg', 136),
(524, 12056, 'BOLSAS CONSORCIO VERDES X 50 UNID.', NULL, 'no-image.jpg', 136),
(525, 12057, 'BOLSAS 60 X 65 CM BLANCAS X 50 UNID.', NULL, 'no-image.jpg', 136),
(526, 12065, 'BOLSAS 120 LTS AMARILLAS X 50 UNID.', NULL, 'no-image.jpg', 136),
(527, 12128, 'BOLSAS 60 X 65 CM. NEGRAS X 50 UNID', NULL, 'no-image.jpg', 136),
(528, 12211, 'BOLSAS 70 X 90 CM. VERDES X 50 UNID.', NULL, 'no-image.jpg', 136),
(529, 10460, 'ROLLO ARRANQUE 40 X 50 CM X 1500 GRS', NULL, 'no-image.jpg', 137),
(530, 10461, 'ROLLO ARRANQUE 30 X 40 CM. X 1500 GRS', NULL, 'no-image.jpg', 137),
(531, 10462, 'ROLLO ARRANQUE 20 X 30 CM. X 750 GRS', NULL, 'no-image.jpg', 137),
(532, 10463, 'ROLLO ARRANQUE 15 X 20', NULL, 'no-image.jpg', 137),
(533, 10482, 'ROLLO ARRANQUE 40 X 50 CM. REND. X 250 UN.', NULL, 'no-image.jpg', 137),
(534, 10498, 'ROLLO ARRANQUE 50 X 70 CM. X 1500 GRS', NULL, 'no-image.jpg', 137),
(535, 12804, 'AGITADORES X 1000 UNID', NULL, 'no-image.jpg', 138),
(536, 12122, 'BARBIJOS DESCARTABLES X 50 UNID.', NULL, 'no-image.jpg', 139),
(537, 12118, 'COFIAS DESCARTABLES X 50 UNID.', NULL, 'no-image.jpg', 140),
(538, 11795, 'PAQ. VASOS PLASTICOS 180 CC. X 1000 UNID.', NULL, 'no-image.jpg', 141),
(539, 11797, 'CAJA VASOS PLASTICOS 180 CC. X 3000', NULL, 'no-image.jpg', 141),
(540, 11798, 'CAJA VASOS PLASTICOS 110 CC. X 3900', NULL, 'no-image.jpg', 141),
(541, 12805, 'CAJA VASOS TERMICOS 180 CC. X 1000 UNID.', NULL, 'no-image.jpg', 142),
(542, 10701, 'GUANTES LATEX CHICO', NULL, 'no-image.jpg', 143),
(543, 10702, 'GUANTES LATEX MEDIANO', NULL, 'no-image.jpg', 143),
(544, 10703, 'GUANTES LATEX GRANDE', NULL, 'no-image.jpg', 143),
(545, 10704, 'GUANTES LATEX EXTRA GDE', NULL, 'no-image.jpg', 143),
(546, 10711, 'GUANTES MAPA PROF. 6 X 10 PARES', NULL, 'no-image.jpg', 143),
(547, 10712, 'GUANTES MAPA PROF. 7 X 10 PARES', NULL, 'no-image.jpg', 143),
(548, 10713, 'GUANTES MAPA PROF. 8 X 10 PARES', NULL, 'no-image.jpg', 143),
(549, 10714, 'GUANTES MAPA PROF. 9 X 10 PARES', NULL, 'no-image.jpg', 143),
(550, 10726, 'GUANTES MAPA PLISSE 6 61/2', NULL, 'no-image.jpg', 143),
(551, 10727, 'GUANTES MAPA PLISSE 7 7 1/2', NULL, 'no-image.jpg', 143),
(552, 10728, 'GUANTES MAPA PLISSE 8  81/2', NULL, 'no-image.jpg', 143),
(553, 10729, 'GUANTES MAPA PLISSE 9 91/2', NULL, 'no-image.jpg', 143),
(554, 10730, 'GUANTES MAPA VITAL 7  X 10 PARES', NULL, 'no-image.jpg', 143),
(555, 10731, 'GUANTES MAPA VITAL 8  X  10 PARES', NULL, 'no-image.jpg', 143),
(556, 10732, 'GUANTES MAPA VITAL 9  X  10 PARES', NULL, 'no-image.jpg', 143),
(557, 10733, 'GUANTES MAPA VITAL 10 X 10 PARES', NULL, 'no-image.jpg', 143),
(558, 10740, 'GUANTES MAPA CONTACTO PEQUEÑO', NULL, 'no-image.jpg', 143),
(559, 10741, 'GUANTES MAPA CONTACTO MEDIANO', NULL, 'no-image.jpg', 143),
(560, 10742, 'GIUANTES MAPA CONTACTO GRANDE', NULL, 'no-image.jpg', 143),
(561, 12209, 'GUANTES MAPA NITRILO VERDE 10 X 12 PARES', NULL, 'no-image.jpg', 144),
(562, 12260, 'GUANTES MAPA NITRILO VERDE 9 X 12 PARES', NULL, 'no-image.jpg', 144),
(563, 12261, 'GUANTES MAPA NITRILO VERDE 8 X 12 PARES', NULL, 'no-image.jpg', 144),
(564, 12262, 'GUANTES MAPA NITRILO VERDE 7 X 12 PARES', NULL, 'no-image.jpg', 144),
(565, 10683, 'GUANTES DESCARTABLES NITRILO MED X 100 UNID', NULL, 'no-image.jpg', 145),
(566, 10686, 'GUANTES DESCARTABLES NITRILO GDES X 100 UNID.', NULL, 'no-image.jpg', 145),
(567, 10687, 'GUANTES DESC.NITRILO NEGRO X 100 UNID  MEDIANO', NULL, 'no-image.jpg', 145),
(568, 10688, 'GUANTES DESC. NITRILO NEGRO X 100 UNID. GRANDE', NULL, 'no-image.jpg', 145),
(569, 10689, 'GUANTES DESCARTABLES NITRILO EXTRA GDES X 100 UNID.', NULL, 'no-image.jpg', 145),
(570, 10695, 'GUANTES DESCARTABLES X 100 U-CHICO', NULL, 'no-image.jpg', 145),
(571, 10696, 'GUANTES DESCARTABLES X 100 U-MED.', NULL, 'no-image.jpg', 145),
(572, 10697, 'GUANTES DESCARTABLES X 100 U-GDE.', NULL, 'no-image.jpg', 145),
(573, 10698, 'GUANTES DESCARTABLES X 100 EXTRA GDE', NULL, 'no-image.jpg', 145),
(574, 10721, 'GUANTES INDUSTRIALES Nº 7', NULL, 'no-image.jpg', 146),
(575, 10722, 'GUANTES INDUSTRIALES Nº 8', NULL, 'no-image.jpg', 146),
(576, 10723, 'GUANTES INDUSTRIALES Nº 9', NULL, 'no-image.jpg', 146),
(577, 10724, 'GUANTES INDUSTRIALES Nº 10', NULL, 'no-image.jpg', 146),
(578, 10725, 'GUANTES INDUSTRIALES Nº 11', NULL, 'no-image.jpg', 146),
(579, 11428, 'SABANILLA (6405) 50 MTS. SH X 6 ROLLOS', NULL, 'no-image.jpg', 147),
(580, 10926, 'LAMPARA DICROICA LED 5 W', NULL, 'no-image.jpg', 148),
(581, 10920, 'LAMPARA LED  7 WTS', NULL, 'no-image.jpg', 149),
(582, 10921, 'LAMPARA LED  10 WTS', NULL, 'no-image.jpg', 149),
(583, 10922, 'LAMPARA LED 12 WTS', NULL, 'no-image.jpg', 149),
(584, 10927, 'TUBO LED 60 CM 9 W', NULL, 'no-image.jpg', 150),
(585, 10928, 'TUBO LED 120 CM 18 W', NULL, 'no-image.jpg', 150),
(586, 12781, 'RESMA A4 75 GRS TEMPO X 500 UNID.', NULL, '20161105134518_resma-tempo-75-grs-carta-500-hojas_iz79306562xvzdxpz1xfz201264324-28385374392-1.jpgxs', 151),
(587, 12782, 'RESMA A4 80 GRS TEMPO X 500 UNID', NULL, '20161105134352_resma-tempo-80-grs-a4-500-hojas_iz79305714xvzdxpz1xfz201264324-82249468331-1.jpgxsz20', 151),
(588, 11398, 'REP. BOLSITAS FEMENINAS X 100  (8213)', NULL, 'no-image.jpg', 152),
(589, 11360, 'OP ELITE COBERTOR 125 SH X 86/7 (6305)', NULL, 'no-image.jpg', 153),
(590, 11421, 'DISPENSER COBERTOR SANITARIO', NULL, 'no-image.jpg', 153),
(591, 11429, 'COBER SANITARIO ANGOSTO X 1000 UNID.', NULL, 'no-image.jpg', 153),
(592, 10571, 'ESCOBILLA PLASTICA W.C. (6304)', NULL, 'no-image.jpg', 154),
(593, 10573, 'ESCOBILLA C/TAZA', NULL, 'no-image.jpg', 154),
(594, 10574, 'ESCOBILLA C/DEPOSITO MASCARDI', NULL, 'no-image.jpg', 154),
(595, 10575, 'ESCOBILLA WC. MASCARDI', NULL, 'no-image.jpg', 154),
(596, 17527, 'ESCOBILLA WC C/BASE (6020) ITALIMPIA X U', NULL, 'no-image.jpg', 154),
(597, 11721, 'QUITA OLOR FILTRO UNIRINAL IBERIA', NULL, 'no-image.jpg', 155),
(598, 11722, 'FILTROS URINALES IBERIA', NULL, 'no-image.jpg', 155),
(599, 11723, 'FILTROS KINTON', NULL, 'no-image.jpg', 155),
(600, 10403, 'ALGODÓN MEDIANO', NULL, 'no-image.jpg', 156),
(601, 10661, 'FOSFOROS X 400', NULL, 'no-image.jpg', 157),
(602, 10663, 'FOSFOROS 220 UNIDADES', NULL, 'no-image.jpg', 157),
(603, 10952, 'NAFTALINA X 200 GRS.', NULL, 'no-image.jpg', 158);
INSERT INTO `product` (`id`, `code`, `description`, `details`, `image_filename`, `category_id`) VALUES
(604, 11367, 'CAJA PAÑUELO ELEGANTE 36 X 75 UNID.', NULL, 'no-image.jpg', 159),
(605, 11368, 'CAJA CARILINA ELITE 48 X 75 UNID.(6802)', NULL, '20140812174201_6802.jpg', 159),
(606, 11369, 'CAJA CARILINA POCKET  210 X 10 UNID. (5472)', NULL, '20140812174404_5656.jpg', 159),
(607, 11370, 'CAJA CARILINA ELITE 24 X 100 UNID. (5427)', NULL, 'no-image.jpg', 159),
(608, 11206, 'ELEGANTE CONO GRANDE 300 MTS X 8 UN.(1047)', NULL, 'no-image.jpg', 160),
(609, 11208, 'B-2 CONO CHICO 300 MTS. X 4 UN.', NULL, 'no-image.jpg', 160),
(610, 11215, 'ROLLO TIZA CONO CHICO 300 MTS.  X 4 UN.', NULL, 'no-image.jpg', 160),
(611, 11216, 'ROLLO TIZA CONO GRANDE 300 MTS. X 4 UN.', NULL, 'no-image.jpg', 160),
(612, 11217, 'ROLLO EXTRA BCO CAJA X 12 ROLLOS (5111/12)', NULL, 'no-image.jpg', 160),
(613, 11231, 'JUMBO BEIGE 500 MTS. X 4 UN. (6109)', NULL, '20140812150108_6109.jpg', 160),
(614, 11232, 'JUMBO TIZA CONO GRANDE 300 MTS. X 4 UN. (6112)', NULL, '20140812145647_6112.jpg', 160),
(615, 11233, 'JUMBO TIZA CONO CHICO 300 MTS. X 4 UN. (6113)', NULL, '20140812145852_6113.jpg', 160),
(616, 11234, 'B-2 CONO GRANDE 300 MTS. X 4 UN.', NULL, 'no-image.jpg', 160),
(617, 11236, 'JUMBO D/H PREMIUN 300 MTS X 4 UN. (6127)', NULL, 'no-image.jpg', 160),
(618, 11237, 'JUMBO BLANCO 500 MTS X 4 UN. (6128)', NULL, 'no-image.jpg', 160),
(619, 11238, 'ELEGANTE PREMUIN 500 MTS X 2 UN. (1018)', NULL, 'no-image.jpg', 160),
(620, 11280, 'VYMAT CONO CHICO 300 MTS X 8 UN.', NULL, 'no-image.jpg', 160),
(621, 11281, 'VYMAT CONO GRANDE 300 MTS X 8 UN.', NULL, 'no-image.jpg', 160),
(622, 11282, 'ELEGANTE CONO CHICO 300 MTS X 8 UN. (1046)', NULL, 'no-image.jpg', 160),
(623, 11211, 'ELITE EXPORT 50 MTS. X 48 UN. (6607)', NULL, '20140812151146_6607.jpg', 161),
(624, 11212, 'ELITE EXPORT 30 MTS. X 48 UN. (6602)', NULL, '20140812151747_6602.jpg', 161),
(625, 11213, 'ELITE BEIGE 50 MTS. X 48 UN. (6603)', NULL, '20140812151339_6603.jpg', 161),
(626, 11214, 'GOFRADO BLANCO 50 MTS. X 48 UN. (8002)', NULL, 'no-image.jpg', 161),
(627, 11220, 'HIGIENOL PLUS 30 MTS. X 48 UN.', NULL, 'no-image.jpg', 161),
(628, 11226, 'ELITE D/HOJA PREMIUN 30 MTS. X 40 UN. (6616)', NULL, '20140812151539_6601.jpg', 161),
(629, 11250, 'P.HIG. INTERCALADO  10 CM (3104)', NULL, 'no-image.jpg', 162),
(630, 11251, 'P.HIG. INTERCALADO EXTRA BCO D/H (3101)', NULL, 'no-image.jpg', 162),
(631, 11252, 'P.HIG. INTERCALADO BCO D/H (3105)', NULL, 'no-image.jpg', 162),
(632, 11253, 'P.HIG. ELITE INTERCALADO D/H (6032)', NULL, '20140813113112_sin_titulo-1.jpg', 162),
(633, 11221, 'NEW ELEGANTE D/H 50 MTS. X 48 UN. (911)', NULL, 'no-image.jpg', 163),
(634, 11223, 'MAXI ROLLO BLANCO X 48 UN. (8005)', NULL, 'no-image.jpg', 163),
(635, 11224, 'ELITE S/H PREMIUN 100 MTS. X 40 UN. (6122)', NULL, 'no-image.jpg', 163),
(636, 11225, 'ELITE D/H PREMIUN 50 MTS X 24 UN. (6617)', NULL, 'no-image.jpg', 163),
(637, 11201, 'ROLLO COCINA ELEGANTE 50 P. X 24 UN.', NULL, 'no-image.jpg', 164),
(638, 11203, 'ROLLO COCINA DICHA X 24 UN.', NULL, 'no-image.jpg', 164),
(639, 11242, 'ROLLO COCINA ELITE D/H 60 P. X 30 UN. (6644)', NULL, 'no-image.jpg', 164),
(640, 11243, 'ROLLO DE COCINA ELITE (6646/5398) 100 P X 15 UNID.', NULL, 'no-image.jpg', 164),
(641, 11244, 'ROLLO COCINA SUSSEX  50 P. X 30 UN. (5677)', NULL, 'no-image.jpg', 164),
(642, 11184, 'SERVILLETA ELEGANTE 21 X 21 X 2000 UNID. (292)', NULL, 'no-image.jpg', 165),
(643, 11185, 'SERV ELITE FAST FOOD PREMIUN X 350/20 (6507)', NULL, 'no-image.jpg', 165),
(644, 11187, 'SERVILLETA 33X33 2H X 1000 USOS (3505)', NULL, 'no-image.jpg', 165),
(645, 11188, 'SERVILLETAS ELITE INT. 32 X 150 U. (6506', NULL, '20140812165745_6506.jpg', 165),
(646, 11189, 'SERVILLETAS ELEGANTE 33 X 33 CM (290)', NULL, '20151216111046_290.jpg', 165),
(647, 11190, 'SERVIPRESS', NULL, 'no-image.jpg', 165),
(648, 11191, 'SERVILLETAS 33 X 30  X 1000 UNID. 6505', NULL, '20140812170059_3505.jpg', 165),
(649, 11192, 'SERVILLETAS CONF.18 X 18  X 2000 UNID.', NULL, 'no-image.jpg', 165),
(650, 11193, 'SERVILLETAS CONF.24 X 24 (6502)', NULL, '20140812165604_6502.jpg', 165),
(651, 11194, 'SERVILLETAS D/H 24X24 X 2000 (3615)', NULL, '20140812170422_3615.jpg', 165),
(652, 11196, 'SERVILLETAS 30 X 30 18 PAQ. X 140 UNID. (2354)', NULL, '20140812165928_6570.jpg', 165),
(653, 11209, 'TOALLA B-2 2 ROLLOS X 300 MTS.', NULL, 'no-image.jpg', 166),
(654, 11381, 'TOALLA JUMBO BEIGE 2 X 300 MTS (6203)', NULL, 'no-image.jpg', 166),
(655, 11382, 'TOALLA JUMBO EXTRA BCA PREMIUN X 2 UNID.(6260)', NULL, '20140812161643_6260.jpg', 166),
(656, 11383, 'TOALLA  BOBINA ELEGANTE PREMIUN 20 CM. X 300 MTS (1028)', NULL, '20151216104559_1028.jpg', 166),
(657, 11385, 'TOALLA ELITE NON TOUCH 150 MTS. X 2 unid. (6310)', NULL, 'no-image.jpg', 166),
(658, 11386, 'TOALLA ELITE JUMBO 250 X 2 U. (6256) BCO PREMIUN', NULL, '20140812161452_6256.jpg', 166),
(659, 11396, 'TOALLA  JUMBO BCA. 2X300 MTS. (6309)', NULL, 'no-image.jpg', 166),
(660, 11443, 'TOALLA ECOPEL S/HOJA 20 CM COMPACTA X 6 UNID (7143/6)', NULL, 'no-image.jpg', 166),
(661, 11413, 'TOALLA ELITE 2P SH EXT BCA 250X12 (6282)', NULL, '20170613173649_6282.jpg', 167),
(662, 11414, 'TOALLA ELITE BCA 2 P  350 X 24 (6290)', NULL, 'no-image.jpg', 167),
(663, 11415, 'TO ELITE INT 2P EXCELLENCE 150 x 18 (6249)', NULL, 'no-image.jpg', 167),
(664, 11424, 'TOALLA ELITE 2P DH PREMIUN 12 x 200 (6291)', NULL, '20140812162423_6270.jpg', 167),
(665, 11204, 'TOALLA ELEGANTE D/H BCA 10 X 100 UN. (1030)', NULL, 'no-image.jpg', 168),
(666, 11205, 'TOALLA ELEGANTE BCA X 2500 UN. (1029)', NULL, '20151216105856_1029.jpg', 168),
(667, 11410, 'TOALLA ELITE 4 P BCA PREMIUN (6280)', NULL, 'no-image.jpg', 168),
(668, 11417, 'TOALLA ELITE 4 P ECO BEIGE 10 x 250 UN. (6220)', NULL, '20140812164428_6220.jpg', 168),
(669, 11427, 'TOALLA ECO BEIGE 4P', NULL, 'no-image.jpg', 168),
(670, 14000, 'TOALLA ECO BLANCA 4P', NULL, 'no-image.jpg', 168),
(671, 11373, 'TOALLAS ELITE BLANCA 6 P  X 2500 UN. (6284)', NULL, 'no-image.jpg', 169),
(672, 11387, 'TOALLA ECOPEL BCA 6 PANELES (1114)', NULL, 'no-image.jpg', 169),
(673, 11389, 'TOALLA ECOPEL BEIGE 6 PANELES (2108)', NULL, 'no-image.jpg', 169),
(674, 11520, 'STEEL CLEANER X 685 CC.', NULL, 'no-image.jpg', 170),
(675, 16003, 'TERGI INOX SUTTER AEROSOL 500 ML', NULL, '20140917093342_26.jpg', 170),
(676, 11491, 'LYSOFORM X 440 CC. (JOHNSON)', NULL, 'no-image.jpg', 171),
(677, 11495, 'AYUDIN DESINFECTANTE 360 CC. (CLOROX)', NULL, 'no-image.jpg', 171),
(678, 16001, 'DESINFECTANTE ONDA 360 CC. (SUTTER)', NULL, '20140923081952_65.jpg', 171),
(679, 11481, 'LEM X 440 CC.', NULL, 'no-image.jpg', 172),
(680, 16029, 'SPLENDIDO AEROSOL SUTTER 400 CC', NULL, '20140919154534_30.jpg', 172),
(681, 11571, 'RAID EXTERMINADOR X 440 CC.', NULL, 'no-image.jpg', 173),
(682, 11572, 'INSECTICIDA C.Y H. AEROSOL', NULL, 'no-image.jpg', 173),
(683, 11581, 'RAID M.M.M X 360 CC.', NULL, 'no-image.jpg', 173),
(684, 11582, 'INSECTICIDA M.M.M. AEROSOL', NULL, 'no-image.jpg', 173),
(685, 11584, 'RAID M.M.M. S/OLOR AEROSOL', NULL, 'no-image.jpg', 173),
(686, 11591, 'RAID CASA Y JARDIN X 360 CC.', NULL, 'no-image.jpg', 173),
(687, 11601, 'RAID ANTIPOLILLAS X 440 CC.', NULL, 'no-image.jpg', 173),
(688, 12701, 'RAID MAX S/OLOR X 360 CC.', NULL, 'no-image.jpg', 173),
(689, 12723, 'RAID HORMIGAS AEROSOL X 390 CC.', NULL, 'no-image.jpg', 173),
(690, 11461, 'BLEM X 360 CC.', NULL, 'no-image.jpg', 174),
(691, 11506, 'CERAMICOL BRISHINE AEROSOL', NULL, 'no-image.jpg', 174),
(692, 16002, 'MOBILI FRESH SUTTER 400 CC LUSTRAMUEBLES', NULL, '20140919155020_32.jpg', 174),
(693, 11465, 'BLEM ELECTRONIC AERO 235 CC', NULL, 'no-image.jpg', 175),
(694, 10391, 'ALCOHOL FINO X 500 CC.', NULL, 'no-image.jpg', 176),
(695, 10400, 'ALCOHOL SOLIDO X 72 UNID', NULL, 'no-image.jpg', 177),
(696, 10111, 'POETT X 440 CC. (CLOROX)', NULL, 'no-image.jpg', 178),
(697, 11530, 'GLADE X 360 CC (JOHNSON)', NULL, 'no-image.jpg', 178),
(698, 10410, 'DISPENSER AROMATIZADOR ANALOGO', NULL, 'no-image.jpg', 179),
(699, 10418, 'DISPENSER AROMATIZADOR DIGITAL', NULL, 'no-image.jpg', 179),
(700, 11842, 'ESENCIA AMBIENTAL X 5 LTS. (WASSINGTON)', NULL, 'no-image.jpg', 180),
(701, 10411, 'REP.AROMATIZADOR AEROSOL', NULL, 'no-image.jpg', 181),
(702, 10412, 'AIRE PUR AEROMATIC DIF.AUT', NULL, 'no-image.jpg', 181),
(703, 10420, 'REP.AROMATIZADOR NEW SCENT', NULL, 'no-image.jpg', 181),
(704, 11492, 'LYSOFORM AUTOMATIC REP.', NULL, 'no-image.jpg', 181),
(705, 10344, 'CIF CREMA X 750 CC.', NULL, 'no-image.jpg', 182),
(706, 10347, 'CIF CREMA UTRA HIGIENE x 750 GRS.', NULL, 'no-image.jpg', 182),
(707, 11327, 'CIF CREMA X 2 lts', NULL, 'no-image.jpg', 182),
(708, 11335, 'LIMPIADOR CREMOSO X 750 GRS. (SIMO)', NULL, '20151215063017_42.jpg', 182),
(709, 11336, 'LIMPIADOR CREMOSO X 750 CC. (WASSINGTON)', NULL, 'no-image.jpg', 182),
(710, 11764, 'LIMPIADOR CREMOSO CREAMY X 5 LTS. (SIMO)', NULL, 'no-image.jpg', 182),
(711, 16070, 'DAL LIMP. CREMOSO X 1 LT. (SUTTER)', NULL, '20140922090552_54.jpg', 182),
(712, 11507, 'BLEM CREMA X 200 CC.', NULL, 'no-image.jpg', 183),
(713, 10392, 'ALCOHOL EN GEL 12 X 800 CC. (ELITE) (8281)', NULL, 'no-image.jpg', 184),
(714, 10393, 'ALCOHOL EN GEL X 5 LTS.(ELITE) (8239)', NULL, 'no-image.jpg', 184),
(715, 11750, 'SOFT HAND GEL X 5 LTS. (SIMO)', NULL, 'no-image.jpg', 184),
(716, 11841, 'ALCOHOL EN GEL X 250 CC.', NULL, 'no-image.jpg', 184),
(717, 11843, 'ALCOHOL EN GEL X 5 LTS. (WASSINGTON)', NULL, 'no-image.jpg', 184),
(718, 11844, 'ALCOHOL EN GEL X 5 LTS.', NULL, '20151025171006_alcohol.jpg', 184),
(719, 10281, 'JABON LUX X 125 GRS.', NULL, 'no-image.jpg', 185),
(720, 10291, 'JABON REXONA X 125 GRS.', NULL, 'no-image.jpg', 185),
(721, 10292, 'JABON PALMOLIVE X 125 GRS.', NULL, 'no-image.jpg', 185),
(722, 10811, 'JABON TOCADOR 3 X 90 GRS.', NULL, 'no-image.jpg', 185),
(723, 10828, 'JABON ANTIBACTERIAL 12 X 800 ML (8283) ELITE', NULL, 'no-image.jpg', 186),
(724, 10839, 'JABON EN SACHET TOC 12 X 800 ML (8285) (ELITE)', NULL, 'no-image.jpg', 186),
(725, 10836, 'JABON ESPUMA TOC 6 X 600 ML (8284) (ELITE)', NULL, 'no-image.jpg', 187),
(726, 10800, 'CAJA JABON GISEPTAL  X 15 GRS', NULL, 'no-image.jpg', 188),
(727, 10801, 'CAJA JABON GISEPTAL  X 20 GRS', NULL, 'no-image.jpg', 188),
(728, 10804, 'CAJA JABON 15 GRS ENV X 450 UNID.', NULL, 'no-image.jpg', 188),
(729, 10807, 'CAJA JABON LUX flow pack 250 X 15 GRS.', NULL, 'no-image.jpg', 188),
(730, 10822, 'JABON SOFT CARE X 5  LTS. (JOHNSON)', NULL, 'no-image.jpg', 189),
(731, 10825, 'JABON LIQUIDO TOCADOR X 5 LTS. (RIGEL)', NULL, 'no-image.jpg', 189),
(732, 10835, 'JABON SOFT HAND X 5 LTS. (8223) (ELITE)', NULL, 'no-image.jpg', 189),
(733, 10837, 'JABON SOFT HAND TOCADOR X 5 LTS (SIMO)', NULL, 'no-image.jpg', 189),
(734, 16009, 'DERMASOLE ALOE VERA X 5 LTS (SUTTER)', NULL, '20140926100433_128.jpg', 189),
(735, 10823, 'JABON ANTISEPTICO X 5 LTS. (WASSINGTON)', NULL, 'no-image.jpg', 190),
(736, 10826, 'JABON SOFT CARE BAC X 5 LTS. (JOHNSON)', NULL, 'no-image.jpg', 190),
(737, 10833, 'JABON LIQ. ANTISEP. X 5 LTS. ELITE (8053)', NULL, 'no-image.jpg', 190),
(738, 10838, 'JABON SOFT HAND BACTERICIDA X 5 LTS. (SIMO)', NULL, 'no-image.jpg', 190),
(739, 16024, 'DERMAGIENE C/ TRICLOSAN X 5 LTS. (SUTTER)', NULL, '20140926100205_127.jpg', 190),
(740, 10827, 'DESENGRASANTE P/MANOS X 5 LTS. (WASSINGTON)', NULL, 'no-image.jpg', 191),
(741, 10790, 'CAJA JABONETA DESENG. 50 X 180 GRS.', NULL, 'no-image.jpg', 192),
(742, 10791, 'CAJA JABONETA DESENG. 25 X 180 GRS.', NULL, 'no-image.jpg', 192),
(743, 10818, 'JABONETA DESENGRASANTE X 180 GRS.', NULL, 'no-image.jpg', 192),
(744, 10819, 'JABON JABONETA X 180 GRS.', NULL, 'no-image.jpg', 192),
(745, 10820, 'CAJA JABONETA TOCADOR 50 X 180 GRS.', NULL, 'no-image.jpg', 192),
(746, 10821, 'CAJA JABONETA TOCADOR 25 X 180 GRS.', NULL, 'no-image.jpg', 192),
(747, 11433, 'ECHO  X 5 LTS. (JOHNSON)', NULL, 'no-image.jpg', 193),
(748, 11651, 'LAVENCERE ACONDICIONADOR DE PISOS  X 5 LTS.  (QUALIBEST)', NULL, 'no-image.jpg', 193),
(749, 11715, 'LIMPIADOR ABRILLANTADOR L3 (ACRYLPO)', NULL, 'no-image.jpg', 193),
(750, 11743, 'RESTORER X 5LTS. (SIMO)', NULL, 'no-image.jpg', 193),
(751, 11804, 'ACONDICIONADOR PISOS KWIK X 5 LTS. (WASSINGTON)', NULL, 'no-image.jpg', 193),
(752, 11431, 'CERA BLEM X 5 LTS. (JOHNSON)', NULL, '20151223081434_nuevo.jpg', 194),
(753, 11630, 'CERA BRILLO INTENSO X 5 LTS. (QUALIBEST)', NULL, '20151223091812_22.jpg', 194),
(754, 11631, 'CERA AUTOBRILLO NATURAL X 5 LTS. (QUALIBEST)', NULL, '20151223100614_autobrillo.jpg', 194),
(755, 11742, 'EMULSION LUSTRABLE WAXEN X 5 LTS (SIMO)', NULL, '20151224062029_waxen.jpg', 194),
(756, 16005, 'EMULSION AUTOBRILLO SIMPLE X 5 LTS (SUTTER)', NULL, '20140925075250_104.jpg', 194),
(757, 16034, 'EMULSION AUTOBRILLO FACILE X 5 LTS (SUTTER)', NULL, '20140925085827_120.jpg', 194),
(758, 11432, 'EMULSION LUSTRABLE ACRILICA 8 M X 5 LTS. (JOHNSON)', NULL, '20151223050931_nueva.jpg', 195),
(759, 11640, 'CERA EXTRA NATURAL X 5 LTS. (QUALIBEST)', NULL, '20151223070034_imgres.jpg', 195),
(760, 11712, 'EMULSION ACRILICA AUTOBRILLO A-20 X 5 LTS. (ACRYLPO)', NULL, '20151223052622_a20.jpg', 195),
(761, 11741, 'EMULSION AUTOBRILLO HIPERCONCENTRADA MR MIRROR DUO (SIMO)', NULL, '20151224060023_20.jpg', 195),
(762, 11751, 'CERA MR MIRROR X 5 LTS. (SIMO)', NULL, 'no-image.jpg', 195),
(763, 16023, 'EMULSION POLIMERA METALIZADA ANTIDESLIZANTE PB 28 X 5 LTS (SUTTER)', NULL, '20140925075033_103.jpg', 195),
(764, 16031, 'EMULSION POLIMERA AUTOBRILLANTE INFINITA X 5 LTS (SUTTER)', NULL, '20151223084503_infinita.jpg', 195),
(765, 16042, 'NOVA SUTTER ACRILICA AUTOBRILLO CON CARNAUBA X 5 LTS', NULL, 'no-image.jpg', 195),
(766, 16057, 'EMULSION AUTOBRILLANTE METALIZADA METEOR LUX UL X 5 LTS (SUTTER)', NULL, '20140924135105_97.jpg', 195),
(767, 11434, 'CERA 8 M NEGRA X 5 LTS. (JOHNSON)', NULL, 'no-image.jpg', 196),
(768, 11435, 'CERA 8 M ROJA X 5 LTS. (JOHNSON)', NULL, '20151224072233_rojo.jpg', 196),
(769, 11632, 'CURADOR HIDROFUGO NEGRO QUALIBEST X 5 LTS', NULL, 'no-image.jpg', 196),
(770, 11687, 'CERA AUTOBRILLO NEGRA X 5 LTS. (QUALIBEST)', NULL, 'no-image.jpg', 196),
(771, 11688, 'CERA AUTOBRILLO ROJA X 5 LTS. (QUALIBEST)', NULL, 'no-image.jpg', 196),
(772, 11752, 'CERA MR MIRROR ROJA X 5 LTS. (SIMO)', NULL, 'no-image.jpg', 196),
(773, 11753, 'CERA MR MIRROR NEGRA X 5 LTS. (SIMO)', NULL, 'no-image.jpg', 196),
(774, 11430, 'CERA JET PROF. X 4 LTS. (JOHNSON)', NULL, 'no-image.jpg', 197),
(775, 11754, 'WOOD WAK X 5 LTS. (SIMO)', NULL, 'no-image.jpg', 197),
(776, 11800, 'CERA MADERA WAXIN X 4 LTS. (WASSINGTON)', NULL, 'no-image.jpg', 197),
(777, 11801, 'CERA MADERA WAXIN X 4 LTS. R.CLARO (WASSINGTON)', NULL, 'no-image.jpg', 197),
(778, 11802, 'CERA MADERA WAXIN X 4 LTS. R.OSCURO (WASSINGTON)', NULL, 'no-image.jpg', 197),
(779, 16027, 'METEOR PARQUET UL X 5 LTS (SUTTER)', NULL, '20140925084413_116.jpg', 197),
(780, 16016, 'CRIS X 5 LTS. (SUTTER)', NULL, 'no-image.jpg', 198),
(781, 11450, 'EMEREL FORTE X 5 LTS. (JOHNSON)', NULL, 'no-image.jpg', 199),
(782, 11716, 'DESENGRASANTE D-500 X 5 LTS. (ACRYLPO)', NULL, 'no-image.jpg', 199),
(783, 11745, 'ALKFOR X 5 LTS. (SIMO)', NULL, 'no-image.jpg', 199),
(784, 16011, 'FORTE DESENGRANTE X 5 LTS. (SUTTER)', NULL, '20140923075602_59.jpg', 199),
(785, 11550, 'FLASH ULTRA X 5 LTS. (JOHNSON)', NULL, 'no-image.jpg', 200),
(786, 11555, 'FLASH FRAGANCIA X 5 LTS. (JOHNSON)', NULL, 'no-image.jpg', 200),
(787, 11700, 'DESODORANTE X 5 LTS. (RIGEL)', NULL, 'no-image.jpg', 200),
(788, 11705, 'DESODORANTE DISUR ULTRA X 5 LTS', NULL, 'no-image.jpg', 200),
(789, 11740, 'DESODORANTE IDEFIX III X 5 LTS. (SIMO)', NULL, 'no-image.jpg', 200),
(790, 16007, 'BRISSA X 5 LTS. (SUTTER)', NULL, '20140924072720_81.jpg', 200),
(791, 11440, 'RUGBEE X 5 LTS. (JOHNSON)', NULL, 'no-image.jpg', 201),
(792, 11442, 'RUGBEE X 360 CC.', NULL, 'no-image.jpg', 201),
(793, 11680, 'LIMPIALFOMBRA X 5 LTS. (QUALIBEST)', NULL, 'no-image.jpg', 201),
(794, 11756, 'CLEAN CARPETS X 5 LTS. (SIMO)', NULL, 'no-image.jpg', 201),
(795, 16061, 'INI-MOK X 5 LTS. (SUTTER)', NULL, '20140924075614_90.jpg', 201),
(796, 11684, 'LIMPIADOR USO MULTIPLE X 5 LTS. (QUALIBEST)', NULL, 'no-image.jpg', 202),
(797, 11697, 'MULTIUSO X 5 LTS. (RIGEL)', NULL, 'no-image.jpg', 202),
(798, 16037, 'DESINCRUSTANTE DECALC X 5 LTS. (SUTTER)', NULL, '20140923083044_68.jpg', 203),
(799, 11471, 'STRIDE X 5 LTS. (JOHNSON)', NULL, 'no-image.jpg', 204),
(800, 11713, 'LIMPIADOR NEUTRO R9 X 5 LTS. (ACRYLPO)', NULL, 'no-image.jpg', 204),
(801, 11744, 'LIMPIADOR BAJA ESPUMA RISE X 5 LTS (SIMO)', NULL, 'no-image.jpg', 204),
(802, 16025, 'DETERGENTE PERFUMADO LISTO X 5 LTS. (SUTTER)', NULL, '20140925081317_109.jpg', 204),
(803, 16028, 'DETERGENTE NEUTRO RIPASSO X 5 LTS. (SUTTER)', NULL, '20140925082114_112.jpg', 204),
(804, 16050, 'DETERGENTE REFLESH X 5 LTS. (SUTTER) P/PISOS ESMALTADOS', NULL, '20140925081912_111.jpg', 204),
(805, 16058, 'DETERGENTE PERFUMADO FRESCO X 5 LTS (SUTTER)', NULL, 'no-image.jpg', 204),
(806, 16063, 'DETERGENTE BRILLANTE AZZURRO X 5 LTS. (SUTTER)', NULL, '20140925080742_107.jpg', 204),
(807, 11451, 'REMOVEDOR 8M X 5 LTS. (JOHNSON)', NULL, 'no-image.jpg', 205),
(808, 11710, 'REMOVEDOR DE CERAS ACRILICAS R7 X 5 LTS (ACRYLPO)', NULL, 'no-image.jpg', 205),
(809, 11755, 'REMOVEDOR DE CERAS NO WAX X 5 LTS. (SIMO)', NULL, 'no-image.jpg', 205),
(810, 11832, 'REMOVEDOR DE CERAS KITO X 5 LTS. (WASSINGTON)', NULL, 'no-image.jpg', 205),
(811, 11833, 'REMOVEDOR LYSTO PISOS DE MADERA X 4 LTS. (WASSINGTON)', NULL, 'no-image.jpg', 205),
(812, 16026, 'DECAPANTE RAGGIO X 5 LTS. (SUTTER)', NULL, 'no-image.jpg', 205),
(813, 16056, 'DECAPANTE STRAIK NR X 5 LTS. (SUTTER)', NULL, 'no-image.jpg', 205),
(814, 11436, 'SECUESTRANTE 8M X 5 LTS. (JOHNSON)', NULL, 'no-image.jpg', 206),
(815, 11747, 'SECUESTRANTE POWDER X 5 LTS. (SIMO)', NULL, 'no-image.jpg', 206),
(816, 11810, 'SECUESTRANTE POLVO X 5 LTS. (WASSINGTON)', NULL, 'no-image.jpg', 206),
(817, 16008, 'SPOLVERO MOP SECUESTRANTE AEROSOL X 500 ML', NULL, 'no-image.jpg', 206),
(818, 16062, 'SPOLVERO LIQUIDO X 5 LTS. (SUTTER)', NULL, '20140924080739_91.jpg', 206),
(819, 11714, 'SELLADOR S10 X 5 LTS. (ACRYLPO)', NULL, 'no-image.jpg', 207),
(820, 11746, 'SEAL WAX X 5 LTS. (SIMO)', NULL, 'no-image.jpg', 207),
(821, 16052, 'BETON X 5 LTS. (SUTTER)', NULL, '20140925100811_123.jpg', 207),
(822, 10834, 'CREMA ENJUAGUE PROFESIONAL X 5 LTS.', NULL, 'no-image.jpg', 208),
(823, 10831, 'SHAMPOO P/CABELLO PROFESIONAL X 5 LTS.', NULL, 'no-image.jpg', 209),
(824, 11695, 'AMONIACO X 5 LTS. (RIGEL)', NULL, 'no-image.jpg', 210),
(825, 11696, 'PROCENEX AMONIACO X 5 LTS. (RECKITT)', NULL, 'no-image.jpg', 210),
(826, 11470, 'FORWARD X 5 LTS. (JOHNSON)', NULL, 'no-image.jpg', 211),
(827, 11472, 'END BACK x 5 lts. (JOHNSON)', NULL, 'no-image.jpg', 211),
(828, 11473, 'CREW X 5 LTS. (JOHNSON)', NULL, 'no-image.jpg', 211),
(829, 11682, 'LIMP/DESINFECTANTE X 5 LTS. (QUALIBEST)', NULL, 'no-image.jpg', 211),
(830, 11686, 'CUATERNARIO LIMP/DESINF/PERF. X 5 LTS. (QUALIBEST)', NULL, 'no-image.jpg', 211),
(831, 11757, 'DESINFECTANTE BACTREM X 5 LTS (SIMO)', NULL, 'no-image.jpg', 211),
(832, 16000, 'CUATERNARIO LIMP/DESINF. X 5 KG (SUTTER)', NULL, 'no-image.jpg', 211),
(833, 16015, 'ONDA DESINFECTANTE X 5 LTS. (SUTTER)', NULL, '20140923081728_64.jpg', 211),
(834, 16017, 'CLOROGEL X 5 LTS. (SUTTER)', NULL, '20140923153318_74.jpg', 211),
(835, 16022, 'ONDA FLOR/LIME DESINFECTANTE X 5 LTS. (SUTTER)', NULL, '20140923153738_76.jpg', 211),
(836, 10631, 'FLUIDO MANCHESTER X 700 CC.', NULL, 'no-image.jpg', 212),
(837, 10633, 'FLUIDO MANCHESTER X 4 LTS.', NULL, 'no-image.jpg', 212),
(838, 10640, 'FLUIDO TRIUNFO X 4 LT.', NULL, 'no-image.jpg', 212),
(839, 10641, 'FLUIDO TRIUNFO X 500 CC.', NULL, 'no-image.jpg', 212),
(840, 10345, 'CIF GEL C/LAVANDINA X 500 CC.', NULL, 'no-image.jpg', 213),
(841, 10346, 'MR MUSCULO/PROCENEX GEL C/LAVANDINA X 450 CC.', NULL, 'no-image.jpg', 213),
(842, 11304, 'CIF GEL C/LAVANDINA X 2 LTS.', NULL, 'no-image.jpg', 213),
(843, 10011, 'KLARO X 400 CC.', NULL, 'no-image.jpg', 214),
(844, 10021, 'KLARO GATILLO X 500 CC.', NULL, 'no-image.jpg', 214),
(845, 10023, 'KLARO REPUESTO X 500 CC.', NULL, 'no-image.jpg', 214),
(846, 11671, 'PERFUME  COMPLETO X 500 CC. (QUALIBEST)', NULL, 'no-image.jpg', 215),
(847, 11672, 'PERFUME REPUESTO X 500 CC. (QUALIBEST)', NULL, 'no-image.jpg', 215),
(848, 16032, 'POM REFRESHING 500 ML COMPLETO (SUTTER)', NULL, '20151215052120_bco.jpg', 215),
(849, 16033, 'POM REFRESHING 500 ML REPUESTO (SUTTER)', NULL, 'no-image.jpg', 215),
(850, 10754, 'TEMPO BLANQUEADOR X 1.800 GRS (TIPO VANISH)', NULL, 'no-image.jpg', 216),
(851, 12054, 'BLANQUEADOR ROQUIRI X 5 LTS', NULL, 'no-image.jpg', 216),
(852, 16084, 'OXIPUR PER ACTIVE X 20 KG. (Blanqueador Base Acido Peroxido)', NULL, 'no-image.jpg', 217),
(853, 16082, 'OXIPUR CLEAN ACTIVE X 20 KG. (Detergente perfumado)', NULL, 'no-image.jpg', 218),
(854, 16083, 'OXIPUR ALKA PLUS X 24 KG. (Alcalinizante)', NULL, 'no-image.jpg', 218),
(855, 10781, 'JABON BLANCO PÀN ALA', NULL, 'no-image.jpg', 219),
(856, 10782, 'JABON BLANCO PAN COMUN', NULL, 'no-image.jpg', 219),
(857, 10783, 'JABON SEISEME', NULL, 'no-image.jpg', 219),
(858, 10750, 'VOE JABON LIQUIDO(TIPO ARIEL) X 5 LTS', NULL, 'no-image.jpg', 220),
(859, 10752, 'TERSO SHAMPOO (TIPO WOOLITE) X 5 LTS', NULL, 'no-image.jpg', 220),
(860, 10779, 'ROQUIRI CLASICO B/ESPUMA LIQ X 5 LTS', NULL, 'no-image.jpg', 220),
(861, 16080, 'TEX MATIC SUTTER X 5 LTS', NULL, 'no-image.jpg', 220),
(862, 10751, 'TRISAVON (TIPO SKIP) X 15 KGS', NULL, 'no-image.jpg', 221),
(863, 10776, 'ROQUIRI B/ESPUMA X 5 KG.', NULL, 'no-image.jpg', 221),
(864, 11321, 'SKIP X 10 KG.', NULL, 'no-image.jpg', 221),
(865, 11322, 'SKIP X 5 KG.', NULL, 'no-image.jpg', 221),
(866, 11323, 'DRIVE MATIC X 3 KG.', NULL, 'no-image.jpg', 221),
(867, 11325, 'ALA MATIC X 5 KG.', NULL, 'no-image.jpg', 221),
(868, 11326, 'ALA MATIC X 10 KG.', NULL, 'no-image.jpg', 221),
(869, 16060, 'OXIPUR X 15 KG. (SUTTER)', NULL, 'no-image.jpg', 221),
(870, 10753, 'TEMPO PRELAVADOR (TIPO TRENET) X 5 LTS', NULL, 'no-image.jpg', 222),
(871, 10778, 'ROQUIRI QUITA MANCHAS  X 5 LTS.', NULL, 'no-image.jpg', 222),
(872, 11331, 'BIDON VIVERE PROFESIONAL', NULL, 'no-image.jpg', 223),
(873, 11670, 'SUAVIZANTE  X 5 LT. (RIGEL)', NULL, 'no-image.jpg', 223),
(874, 16081, 'TEX SOFT SUTTER X 5 LTS', NULL, 'no-image.jpg', 223),
(875, 16085, 'OXIPUR SOFT PLUS X 20 KG. (Suavizante perfumado)', NULL, 'no-image.jpg', 224),
(876, 10374, 'HIPOCLORITO AL 100 % X 5 LTS.', NULL, 'no-image.jpg', 225),
(877, 10375, 'HIPOSEN X 5LTS', NULL, 'no-image.jpg', 225),
(878, 10501, 'DETERGENTE CONCENTRADO X 1 LT.', NULL, 'no-image.jpg', 226),
(879, 10511, 'DETERGENTE CONCENTRADO X 2 LTS.', NULL, 'no-image.jpg', 226),
(880, 10522, 'DETERGENTE RIGEL X 5 LTS.', NULL, 'no-image.jpg', 226),
(881, 10524, 'DETERGENTE DISUR ULTRA X 5 LTS,', NULL, 'no-image.jpg', 226),
(882, 11758, 'DETERSEN (SENASA) X 5 LTS (SIMO)', NULL, 'no-image.jpg', 226),
(883, 10351, 'LAVANDINA CONCENTRADA X 1 LT.', NULL, 'no-image.jpg', 227),
(884, 10361, 'LAVANDINA CONCENTRADA X 2 LTS.', NULL, 'no-image.jpg', 227),
(885, 10373, 'LAVANDINA CONCENTRADA X 5 LTS.', NULL, 'no-image.jpg', 227),
(886, 11301, 'CIF VIDRIOS X 5 LTS (UNILEVER)', NULL, 'no-image.jpg', 228),
(887, 11500, 'VIEW X 5 LTS. (JOHNSON)', NULL, 'no-image.jpg', 228),
(888, 11685, 'LIMPIAVIDRIOS X 5 LTS. (QUALIBEST)', NULL, 'no-image.jpg', 228),
(889, 11748, 'GLASS CLEAN X 5 LTS (SIMO)', NULL, 'no-image.jpg', 228),
(890, 16006, 'RIFLESSO LIMPIAVIDRIOS X 5 LTS (SUTTER)', NULL, '20140924081105_92.jpg', 228),
(891, 16019, 'RAPIDO / FLASH X 5 LTS. (SUTTER)', NULL, '20140919160546_37.jpg', 229),
(892, 16030, 'TERGI PLUS X 5 LTS. (SUTTER)', NULL, 'no-image.jpg', 229),
(893, 12008, 'ADHESIVO MM GLADE', NULL, 'no-image.jpg', 230),
(894, 12148, 'LYSOFORM CANASTA LIQ. COMPLETO', NULL, '20161105140921_1153_10.jpg', 231),
(895, 12149, 'LYSOFORM CANASTA LIQ. REPUESTO', NULL, 'no-image.jpg', 231),
(896, 12249, 'GLADE CANASTA COMPLETO SOLIDA', NULL, 'no-image.jpg', 231),
(897, 12250, 'GLADE CANATA REPUESTO SOLIDA', NULL, 'no-image.jpg', 231),
(898, 12254, 'GLADE CANASTA LIQUIDA REPUESTO', NULL, '20161105135549_3537_10.jpg', 231),
(899, 12255, 'GLADE CANASTA LIQUIDA COMPLETA FULL', NULL, '20161105140351_3506_10.jpg', 231),
(900, 12584, 'PASTILLA AYUDIN CANASTA', NULL, 'no-image.jpg', 231),
(901, 16020, 'WC REIN SUTTER X 750 CC.', NULL, '20140902101408_4.jpg', 232),
(902, 16053, 'EDELWEISS IGIENIC X 5 LTS', NULL, '20140902084909_1.jpg', 232),
(903, 10030, 'LYSOFORM MOCHILA X 2 UNID.', NULL, 'no-image.jpg', 233),
(904, 12151, 'DESODORANTE MOCHILA X 2 UNID.', NULL, 'no-image.jpg', 233),
(905, 11724, 'DES.P/MINGITORIO IBERIA X 6 UNID', NULL, 'no-image.jpg', 234),
(906, 11731, 'REP. DESODORIZADOR MINGITORIO X 5LTS', NULL, 'no-image.jpg', 234),
(907, 11732, 'REP ODORIZADOR MING. ELITE (8745) X 5 LTS', NULL, 'no-image.jpg', 234),
(908, 12583, 'NAFTALINA PERFUMADA X 200 GRS', NULL, 'no-image.jpg', 234),
(909, 10032, 'PASTILLAS GLADE WC.', NULL, 'no-image.jpg', 235),
(910, 11511, 'DRASTIK X 500 CC.', NULL, 'no-image.jpg', 236),
(911, 11765, 'CRUST ACID X 5 LTS. (SIMO)', NULL, 'no-image.jpg', 236),
(912, 11834, 'QUITA SARRO X 5 LTS. (WASSINGTON)', NULL, 'no-image.jpg', 236),
(913, 11319, 'HORNOLIM', NULL, 'no-image.jpg', 237),
(914, 11320, 'ZEBRA/MR MUSCULO AEROSOL. LIMPIAHORNOS', NULL, 'no-image.jpg', 237),
(915, 16035, 'SF 210 SUTTER SGRASSANTE FORNO C/GATILLO X 1 LTS', NULL, 'no-image.jpg', 237),
(916, 16041, 'SF 200 DESINCRUSTANTE ACIDO X 5 LTS', NULL, 'no-image.jpg', 238),
(917, 16018, 'CUAT 88 X 5 LTS. (SUTTER)', NULL, '20140917084602_14.jpg', 239),
(918, 16064, 'SF 300 X 5 LTS. (SUTTER)', NULL, 'no-image.jpg', 239),
(919, 16100, 'AGRAL DUO QUAT X 5 LTS', NULL, 'no-image.jpg', 239),
(920, 16090, 'TABS CHLORINE X 500 GRS', NULL, 'no-image.jpg', 240),
(921, 11300, 'CIF ANTIGRASA X 5 LTS. (UNILEVER)', NULL, 'no-image.jpg', 241),
(922, 11337, 'DESENGRASANTE SUMA PLAQ X 5 LTS. (JOHNSON)', NULL, 'no-image.jpg', 241),
(923, 11452, 'DRAX 78 X 5 LTS. (JOHNSON)', NULL, 'no-image.jpg', 241),
(924, 11749, 'DEGRASS B2 X 5 LTS (SIMO)', NULL, 'no-image.jpg', 241),
(925, 11762, 'DEGRASS AZ (GRASA ANIMAL LIVIANA) X 5 LTS. (SIMO)', NULL, 'no-image.jpg', 241),
(926, 16010, 'SF 120 DESENGRASANTE X 5 LTS. (SUTTER)', NULL, '20140917082445_7.jpg', 241),
(927, 16021, 'SF 210 DESENGRASANTE X 5 LTS (SUTTER)', NULL, '20140917082831_8.jpg', 241),
(928, 16039, 'BRILLANTE ACIDO X 20 KG. (SUTTER)', NULL, 'no-image.jpg', 242),
(929, 11761, 'LAVAVAJILLAS DRUCKE X 5 LTS. (SIMO)', NULL, 'no-image.jpg', 243),
(930, 11661, 'ABRILLANTADOR X 500 cc. (QUALIBEST)', NULL, 'no-image.jpg', 244),
(931, 10376, 'FAJINADOR CUP SHINY X 5 LTS. (SIMO)', NULL, 'no-image.jpg', 245),
(932, 16038, 'UNIVERSAL X 24 LTS. (SUTTER) P/MAQ.LAVAVAJILLAS', NULL, 'no-image.jpg', 246),
(933, 11660, 'POLVO LAVAVAJILLAS X 1KG. (QUALIBEST)', NULL, 'no-image.jpg', 247),
(934, 10525, 'LAVAVAJILLAS X 5 LTS. (RIGEL)', NULL, 'no-image.jpg', 243),
(935, 11541, 'DRAX ULTRA X 5 LTS. (JOHNSON)', NULL, 'no-image.jpg', 243),
(936, 11542, 'DRAX LAVAVAJILLA X 5 LTS. (JOHNSON)', NULL, 'no-image.jpg', 243),
(937, 11759, 'GASTRODET CONCENTRADO AL 15% X 5 LTS. (SIMO)', NULL, 'no-image.jpg', 243),
(938, 16004, 'DETER 1 AL 15 % X 5 LTS (SUTTER)', NULL, 'no-image.jpg', 243),
(939, 16040, 'DETER 3 AL 30 % X 5 LTS. (SUTTER)', NULL, 'no-image.jpg', 243),
(940, 10340, 'CIF ANTIGRASA COMPLETO X 500 CC. (UNILEVER)', NULL, 'no-image.jpg', 248),
(941, 10343, 'CIF ANTIGRASA REPUESTO X 500 CC. (UNILEVER)', NULL, 'no-image.jpg', 248),
(942, 11668, 'ANTIGRASA HUARPE COMPLETO X 500 CC. (QUALIBEST)', NULL, 'no-image.jpg', 248),
(943, 11669, 'ANTIGRASA HUARPE REPUESTO X 500 CC. (QUALBEST)', NULL, 'no-image.jpg', 248),
(944, 12252, 'GLADE TOQUE COMPLETO FULL', NULL, 'no-image.jpg', 249),
(945, 12253, 'GLADE TOQUE REPUESTO', NULL, 'no-image.jpg', 249),
(946, 10041, 'SUIZA LIQ.X 850 cc. NATURAL (VILLARD & LOUIS)', NULL, 'no-image.jpg', 250),
(947, 10042, 'SUIZA LIQ.X 850 cc. R.CLARO (VILLARD & LOUIS)', NULL, 'no-image.jpg', 250),
(948, 10043, 'SUIZA LIQ.X 850 cc. R.OSCURO (VILLARD & LOUIS)', NULL, 'no-image.jpg', 250),
(949, 10051, 'SUIZA PASTA X 720 grs. NATURAL (VILLARD & LOUIS)', NULL, 'no-image.jpg', 250),
(950, 10052, 'SUIZA PASTA X 360 grs. R.CLARO (VILLARD & LOUIS)', NULL, 'no-image.jpg', 250),
(951, 10053, 'SUIZA PASTA X 720 grs. R.OSCURO (VILLARD & LOUIS)', NULL, 'no-image.jpg', 250),
(952, 10081, 'CERA BLEM X 900 cc. (JOHNSON)', NULL, 'no-image.jpg', 250),
(953, 10091, 'CERA BLEM X 2 LTS. (JOHNSON)', NULL, 'no-image.jpg', 250),
(954, 10101, 'ECHO X 1 LT. (JOHNSON)', NULL, 'no-image.jpg', 250),
(955, 12107, 'BLEM/CERAMICOL PISOS PLASTIFICADOS X 900 CC.', NULL, 'no-image.jpg', 250),
(956, 12459, 'LYSOFORM ORIGINAL X 900 CC.', NULL, 'no-image.jpg', 251),
(957, 12596, 'PROCENEX BLANCO X 900 CC.', NULL, 'no-image.jpg', 251),
(958, 10151, 'CAUCHET LIQUIDO X 1 LT- DESTAPACAÑERIAS', NULL, 'no-image.jpg', 252),
(959, 10174, 'MM OXY POWER POLVO X 400 GRS', NULL, 'no-image.jpg', 253),
(960, 10191, 'ALA X 800 GRS.', NULL, 'no-image.jpg', 253),
(961, 10241, 'DRIVE X 800 grs.', NULL, 'no-image.jpg', 253),
(962, 10242, 'ACE B/ESPUMA X 800 GRS.', NULL, 'no-image.jpg', 253),
(963, 10251, 'JABON SKIP X 800 GRS.', NULL, 'no-image.jpg', 253),
(964, 10777, 'ROQUIRI B/ESPUMA X 800 GRS.', NULL, 'no-image.jpg', 253),
(965, 10311, 'LAVANDINA AYUDIN X 2 LTS.', NULL, 'no-image.jpg', 254),
(966, 10313, 'LAVANDINA AYUDIN X 1 LTS.', NULL, 'no-image.jpg', 254),
(967, 12449, 'LAVANDINA AYUDIN R.BLANCA X 2 LTS.', NULL, 'no-image.jpg', 254),
(968, 10036, 'MR MUSCULO DESOD X 900 CC.', NULL, 'no-image.jpg', 255),
(969, 10037, 'PINOLUZ ANTIBACTERIAL X 900 CC.', NULL, 'no-image.jpg', 255),
(970, 10038, 'PROCENEX  X 900 CC.', NULL, 'no-image.jpg', 255),
(971, 10039, 'PROCENEX X 1800 CC.', NULL, 'no-image.jpg', 255),
(972, 12530, 'NH3 LIMPIADOR C/AMONIACO X 900 CC.', NULL, 'no-image.jpg', 255),
(973, 10964, 'POLVO LIMPIADOR X 500 GRS', NULL, 'no-image.jpg', 256),
(974, 10035, 'BRILLAMETAL 3 EN 1', NULL, 'no-image.jpg', 257),
(975, 10933, 'LIMPIAMETALES VENUS X 425 CC.', NULL, 'no-image.jpg', 257),
(976, 10341, 'CIF VIDRIOS COMPLETO', NULL, 'no-image.jpg', 258),
(977, 10342, 'CIF VIDRIOS REPUESTO', NULL, 'no-image.jpg', 258),
(978, 11502, 'VIEW X 440 CC.', NULL, 'no-image.jpg', 258),
(979, 11666, 'MULTIUSO/LIMPVIDRIOS HUARPE COMP. X 500 CC.', NULL, 'no-image.jpg', 258),
(980, 11667, 'MULTIUSO/LIMPVIDRIOS HUARPE REPUESTO X 500CC.', NULL, 'no-image.jpg', 258),
(981, 12001, 'AYUDIN ANTIHONGO REPUESTO X 500 CC-', NULL, 'no-image.jpg', 259),
(982, 12002, 'AYUDIN ANTIHONGO COMPLETO X 500 CC.', NULL, 'no-image.jpg', 259),
(983, 12106, 'HARPIC GEL LIMPIAINODOROS X 500 ML', NULL, 'no-image.jpg', 259),
(984, 12108, 'CIF BAÑO DOY PACK REP X 450 CC.', NULL, 'no-image.jpg', 259),
(985, 12109, 'CIF BAÑO GATILLO', NULL, 'no-image.jpg', 259),
(986, 12457, 'LYSOFORM BAÑO REP. DOY PACK', NULL, 'no-image.jpg', 259),
(987, 12468, 'LYSOFORM BAÑO COMPLETO X 500 CC.', NULL, 'no-image.jpg', 259),
(988, 10132, 'DETERGENTE ALA X 750 CC.', NULL, 'no-image.jpg', 260),
(989, 10133, 'DETERGENTE MAGISTRAL X 500 CC.', NULL, 'no-image.jpg', 260),
(990, 12110, 'CIF ACTIVE GEL', NULL, 'no-image.jpg', 260),
(991, 10301, 'MR MUSCULO MULTIUSO COMPLETO X 500 CC.', NULL, 'no-image.jpg', 261),
(992, 16036, 'RAPIDO C/GATILLO X 1 LTS (SUTTER)', NULL, 'no-image.jpg', 261),
(993, 16054, 'PLURAL EASY ML CAJA  6 X 750 CC. (SUTTER)', NULL, '20161106101242_22305.jpg', 261),
(994, 10300, 'MR MUSCULO MULTIUSO REPUESTO X 500 CC.', NULL, 'no-image.jpg', 261),
(995, 11820, 'WASSINGTON MULTIUSO COMPLETO', NULL, 'no-image.jpg', 261),
(996, 10171, 'TRENET X 500 CC. COMPLETO', NULL, 'no-image.jpg', 262),
(997, 10173, 'TRENET X 500 CC. REPUESTO', NULL, 'no-image.jpg', 262),
(998, 10161, 'COMFORT X 1 LT.', NULL, 'no-image.jpg', 263),
(999, 999, 'Desc', '', '999/999.jpg', 105);

-- --------------------------------------------------------

--
-- Estructura de tabla para la tabla `profile`
--

CREATE TABLE `profile` (
  `user_id` int(11) NOT NULL,
  `name` varchar(255) COLLATE utf8_unicode_ci DEFAULT NULL,
  `public_email` varchar(255) COLLATE utf8_unicode_ci DEFAULT NULL,
  `gravatar_email` varchar(255) COLLATE utf8_unicode_ci DEFAULT NULL,
  `gravatar_id` varchar(32) COLLATE utf8_unicode_ci DEFAULT NULL,
  `location` varchar(255) COLLATE utf8_unicode_ci DEFAULT NULL,
  `website` varchar(255) COLLATE utf8_unicode_ci DEFAULT NULL,
  `bio` text COLLATE utf8_unicode_ci,
  `timezone` varchar(40) COLLATE utf8_unicode_ci DEFAULT NULL
) ENGINE=InnoDB DEFAULT CHARSET=utf8 COLLATE=utf8_unicode_ci;

--
-- Volcado de datos para la tabla `profile`
--

INSERT INTO `profile` (`user_id`, `name`, `public_email`, `gravatar_email`, `gravatar_id`, `location`, `website`, `bio`, `timezone`) VALUES
(1, NULL, NULL, NULL, NULL, NULL, NULL, NULL, NULL),
(2, NULL, NULL, NULL, NULL, NULL, NULL, NULL, NULL);

-- --------------------------------------------------------

--
-- Estructura de tabla para la tabla `social_account`
--

CREATE TABLE `social_account` (
  `id` int(11) NOT NULL,
  `user_id` int(11) DEFAULT NULL,
  `provider` varchar(255) COLLATE utf8_unicode_ci NOT NULL,
  `client_id` varchar(255) COLLATE utf8_unicode_ci NOT NULL,
  `data` text COLLATE utf8_unicode_ci,
  `code` varchar(32) COLLATE utf8_unicode_ci DEFAULT NULL,
  `created_at` int(11) DEFAULT NULL,
  `email` varchar(255) COLLATE utf8_unicode_ci DEFAULT NULL,
  `username` varchar(255) COLLATE utf8_unicode_ci DEFAULT NULL
) ENGINE=InnoDB DEFAULT CHARSET=utf8 COLLATE=utf8_unicode_ci;

-- --------------------------------------------------------

--
-- Estructura de tabla para la tabla `token`
--

CREATE TABLE `token` (
  `user_id` int(11) NOT NULL,
  `code` varchar(32) COLLATE utf8_unicode_ci NOT NULL,
  `created_at` int(11) NOT NULL,
  `type` smallint(6) NOT NULL
) ENGINE=InnoDB DEFAULT CHARSET=utf8 COLLATE=utf8_unicode_ci;

--
-- Volcado de datos para la tabla `token`
--

INSERT INTO `token` (`user_id`, `code`, `created_at`, `type`) VALUES
(1, '8JiBWSWrbsTJe4qeuwhJfDgWwx6Ebeze', 1505112797, 0),
(2, 'rdNV2NBVqB9TbcaUfSiPEw11cc1N1Bjc', 1508478552, 0);

-- --------------------------------------------------------

--
-- Estructura de tabla para la tabla `user`
--

CREATE TABLE `user` (
  `id` int(11) NOT NULL,
  `username` varchar(255) COLLATE utf8_unicode_ci NOT NULL,
  `email` varchar(255) COLLATE utf8_unicode_ci NOT NULL,
  `password_hash` varchar(60) COLLATE utf8_unicode_ci NOT NULL,
  `auth_key` varchar(32) COLLATE utf8_unicode_ci NOT NULL,
  `confirmed_at` int(11) DEFAULT NULL,
  `unconfirmed_email` varchar(255) COLLATE utf8_unicode_ci DEFAULT NULL,
  `blocked_at` int(11) DEFAULT NULL,
  `registration_ip` varchar(45) COLLATE utf8_unicode_ci DEFAULT NULL,
  `created_at` int(11) NOT NULL,
  `updated_at` int(11) NOT NULL,
  `flags` int(11) NOT NULL DEFAULT '0',
  `last_login_at` int(11) DEFAULT NULL
) ENGINE=InnoDB DEFAULT CHARSET=utf8 COLLATE=utf8_unicode_ci;

--
-- Volcado de datos para la tabla `user`
--

INSERT INTO `user` (`id`, `username`, `email`, `password_hash`, `auth_key`, `confirmed_at`, `unconfirmed_email`, `blocked_at`, `registration_ip`, `created_at`, `updated_at`, `flags`, `last_login_at`) VALUES
(1, 'chori', 'carapezza.christian@gmail.com', '$2y$10$50awiFb8Pn6IlGjm.BEJ4exsSV/hbNRu/atcVwCvU4qfgkvRgwvmS', 'Q4Wo9Q2ViWAk63DRh-yvKAN-OLaJJU0l', 1505112797, NULL, NULL, '::1', 1505112797, 1505112797, 0, 1513740691),
(2, 'ccarapezza', 'chori.linux4ever@gmail.com', '$2y$10$L8EIQK8ricF6Opabzkg2z.OQWkWLDv65v.Uh3pfdWCtXHelGGbQMG', 'M8R2nCz62Nw37iwF61cxYVBvEo99t-VC', NULL, NULL, NULL, '::1', 1508478552, 1508478552, 0, NULL);

--
-- Índices para tablas volcadas
--

--
-- Indices de la tabla `cart`
--
ALTER TABLE `cart`
  ADD PRIMARY KEY (`id`),
  ADD KEY `FK_cart_user` (`user_id`),
  ADD KEY `FK_cart_product` (`product_id`);

--
-- Indices de la tabla `cart_products`
--
ALTER TABLE `cart_products`
  ADD KEY `FK_cart_products_cart` (`cart_id`),
  ADD KEY `FK_cart_products_product` (`product_id`);

--
-- Indices de la tabla `category`
--
ALTER TABLE `category`
  ADD PRIMARY KEY (`id`),
  ADD KEY `fk_category_update` (`parent_id`);

--
-- Indices de la tabla `migration`
--
ALTER TABLE `migration`
  ADD PRIMARY KEY (`version`);

--
-- Indices de la tabla `product`
--
ALTER TABLE `product`
  ADD PRIMARY KEY (`id`),
  ADD UNIQUE KEY `code` (`code`),
  ADD KEY `fk_product_category` (`category_id`);

--
-- Indices de la tabla `profile`
--
ALTER TABLE `profile`
  ADD PRIMARY KEY (`user_id`);

--
-- Indices de la tabla `social_account`
--
ALTER TABLE `social_account`
  ADD PRIMARY KEY (`id`),
  ADD UNIQUE KEY `account_unique` (`provider`,`client_id`),
  ADD UNIQUE KEY `account_unique_code` (`code`),
  ADD KEY `fk_user_account` (`user_id`);

--
-- Indices de la tabla `token`
--
ALTER TABLE `token`
  ADD UNIQUE KEY `token_unique` (`user_id`,`code`,`type`);

--
-- Indices de la tabla `user`
--
ALTER TABLE `user`
  ADD PRIMARY KEY (`id`),
  ADD UNIQUE KEY `user_unique_username` (`username`),
  ADD UNIQUE KEY `user_unique_email` (`email`);

--
-- AUTO_INCREMENT de las tablas volcadas
--

--
-- AUTO_INCREMENT de la tabla `cart`
--
ALTER TABLE `cart`
  MODIFY `id` int(10) UNSIGNED NOT NULL AUTO_INCREMENT;
--
-- AUTO_INCREMENT de la tabla `category`
--
ALTER TABLE `category`
  MODIFY `id` int(10) UNSIGNED NOT NULL AUTO_INCREMENT, AUTO_INCREMENT=264;
--
-- AUTO_INCREMENT de la tabla `product`
--
ALTER TABLE `product`
  MODIFY `id` int(10) UNSIGNED NOT NULL AUTO_INCREMENT, AUTO_INCREMENT=1000;
--
-- AUTO_INCREMENT de la tabla `social_account`
--
ALTER TABLE `social_account`
  MODIFY `id` int(11) NOT NULL AUTO_INCREMENT;
--
-- AUTO_INCREMENT de la tabla `user`
--
ALTER TABLE `user`
  MODIFY `id` int(11) NOT NULL AUTO_INCREMENT, AUTO_INCREMENT=3;
--
-- Restricciones para tablas volcadas
--

--
-- Filtros para la tabla `cart`
--
ALTER TABLE `cart`
  ADD CONSTRAINT `FK_cart_product` FOREIGN KEY (`product_id`) REFERENCES `product` (`id`),
  ADD CONSTRAINT `FK_cart_user` FOREIGN KEY (`user_id`) REFERENCES `user` (`id`);

--
-- Filtros para la tabla `cart_products`
--
ALTER TABLE `cart_products`
  ADD CONSTRAINT `FK_cart_products_cart` FOREIGN KEY (`cart_id`) REFERENCES `cart` (`id`),
  ADD CONSTRAINT `FK_cart_products_product` FOREIGN KEY (`product_id`) REFERENCES `product` (`id`);

--
-- Filtros para la tabla `category`
--
ALTER TABLE `category`
  ADD CONSTRAINT `fk_category_update` FOREIGN KEY (`parent_id`) REFERENCES `category` (`id`);

--
-- Filtros para la tabla `product`
--
ALTER TABLE `product`
  ADD CONSTRAINT `fk_product_category` FOREIGN KEY (`category_id`) REFERENCES `category` (`id`);

--
-- Filtros para la tabla `profile`
--
ALTER TABLE `profile`
  ADD CONSTRAINT `fk_user_profile` FOREIGN KEY (`user_id`) REFERENCES `user` (`id`) ON DELETE CASCADE;

--
-- Filtros para la tabla `social_account`
--
ALTER TABLE `social_account`
  ADD CONSTRAINT `fk_user_account` FOREIGN KEY (`user_id`) REFERENCES `user` (`id`) ON DELETE CASCADE;

--
-- Filtros para la tabla `token`
--
ALTER TABLE `token`
  ADD CONSTRAINT `fk_user_token` FOREIGN KEY (`user_id`) REFERENCES `user` (`id`) ON DELETE CASCADE;
COMMIT;

/*!40101 SET CHARACTER_SET_CLIENT=@OLD_CHARACTER_SET_CLIENT */;
/*!40101 SET CHARACTER_SET_RESULTS=@OLD_CHARACTER_SET_RESULTS */;
/*!40101 SET COLLATION_CONNECTION=@OLD_COLLATION_CONNECTION */;
